"../../../Engine/Content/EditorResources/S_Actor.ubulk" 0
"../../../Engine/Content/EditorResources/S_Actor.uasset" 1
"../../../Engine/Content/EditorResources/S_Actor.uexp" 2
"../../../Engine/Content/EditorResources/S_BoxReflectionCapture.uasset" 3
"../../../Engine/Content/EditorResources/S_BoxReflectionCapture.uexp" 4
"../../../Engine/Content/EngineResources/DefaultTexture.ubulk" 5
"../../../Engine/Content/EngineResources/DefaultTexture.uasset" 6
"../../../Engine/Content/EngineResources/DefaultTexture.uexp" 7
"../../../Engine/Content/EngineResources/DefaultTextureCube.uasset" 8
"../../../Engine/Content/EngineResources/DefaultTextureCube.uexp" 9
"../../../Engine/Content/EngineResources/DefaultVolumeTexture2D.uasset" 10
"../../../Engine/Content/EngineResources/DefaultVolumeTexture2D.uexp" 11
"../../../Engine/Content/EngineResources/DefaultVolumeTexture.uasset" 12
"../../../Engine/Content/EngineResources/DefaultVolumeTexture.uexp" 13
"../../../Engine/Content/EditorResources/S_Trigger.ubulk" 14
"../../../Engine/Content/EditorResources/S_Trigger.uasset" 15
"../../../Engine/Content/EditorResources/S_Trigger.uexp" 16
"../../../Engine/Content/EditorResources/S_TriggerBox.uasset" 17
"../../../Engine/Content/EditorResources/S_TriggerBox.uexp" 18
"../../../Engine/Content/EditorResources/S_TriggerCapsule.uasset" 19
"../../../Engine/Content/EditorResources/S_TriggerCapsule.uexp" 20
"../../../Engine/Content/EditorResources/S_TriggerSphere.uasset" 21
"../../../Engine/Content/EditorResources/S_TriggerSphere.uexp" 22
"../../../Engine/Content/EngineMeshes/Sphere.ubulk" 23
"../../../Engine/Content/EngineMeshes/Sphere.uasset" 24
"../../../Engine/Content/EngineMeshes/Sphere.uexp" 25
"../../../Engine/Content/EngineResources/GradientTexture0.uasset" 26
"../../../Engine/Content/EngineResources/GradientTexture0.uexp" 27
"../../../Engine/Content/EngineResources/Black.uasset" 28
"../../../Engine/Content/EngineResources/Black.uexp" 29
"../../../Engine/Content/VREditor/LaserPointer/VR_LaserPower_01.ubulk" 30
"../../../Engine/Content/VREditor/LaserPointer/VR_LaserPower_01.uasset" 31
"../../../Engine/Content/VREditor/LaserPointer/VR_LaserPower_01.uexp" 32
"../../../Engine/Content/VREditor/TransformGizmo/TransformGizmoMaterial.uasset" 33
"../../../Engine/Content/VREditor/TransformGizmo/TransformGizmoMaterial.uexp" 34
"../../../Engine/Content/VREditor/TransformGizmo/TranslucentTransformGizmoMaterial.uasset" 35
"../../../Engine/Content/VREditor/TransformGizmo/TranslucentTransformGizmoMaterial.uexp" 36
"../../../Engine/Content/VREditor/TransformGizmo/BoundingBoxCorner.ubulk" 37
"../../../Engine/Content/VREditor/TransformGizmo/BoundingBoxCorner.uasset" 38
"../../../Engine/Content/VREditor/TransformGizmo/BoundingBoxCorner.uexp" 39
"../../../Engine/Content/VREditor/TransformGizmo/BoundingBoxEdge.ubulk" 40
"../../../Engine/Content/VREditor/TransformGizmo/BoundingBoxEdge.uasset" 41
"../../../Engine/Content/VREditor/TransformGizmo/BoundingBoxEdge.uexp" 42
"../../../Engine/Content/VREditor/TransformGizmo/Main.uasset" 43
"../../../Engine/Content/VREditor/TransformGizmo/Main.uexp" 44
"../../../Engine/Content/VREditor/TransformGizmo/Xray.uasset" 45
"../../../Engine/Content/VREditor/TransformGizmo/Xray.uexp" 46
"../../../Engine/Content/VREditor/TransformGizmo/SM_Sequencer_Node.ubulk" 47
"../../../Engine/Content/VREditor/TransformGizmo/SM_Sequencer_Node.uasset" 48
"../../../Engine/Content/VREditor/TransformGizmo/SM_Sequencer_Node.uexp" 49
"../../../Engine/Content/EditorResources/S_Solver.ubulk" 50
"../../../Engine/Content/EditorResources/S_Solver.uasset" 51
"../../../Engine/Content/EditorResources/S_Solver.uexp" 52
"../../../Engine/Content/EditorMaterials/Camera/CineMat.uasset" 53
"../../../Engine/Content/EditorMaterials/Camera/CineMat.uexp" 54
"../../../Engine/Content/EditorMaterials/Camera/MI_CineMat_Rig.uasset" 55
"../../../Engine/Content/EditorMaterials/Camera/MI_CineMat_Rig.uexp" 56
"../../../Engine/Content/EditorMeshes/Camera/SM_CraneRig_Base.ubulk" 57
"../../../Engine/Content/EditorMeshes/Camera/SM_CraneRig_Base.uasset" 58
"../../../Engine/Content/EditorMeshes/Camera/SM_CraneRig_Base.uexp" 59
"../../../Engine/Content/EditorMeshes/Camera/SM_CraneRig_Arm.ubulk" 60
"../../../Engine/Content/EditorMeshes/Camera/SM_CraneRig_Arm.uasset" 61
"../../../Engine/Content/EditorMeshes/Camera/SM_CraneRig_Arm.uexp" 62
"../../../Engine/Content/EditorMeshes/Camera/SM_CraneRig_Mount.ubulk" 63
"../../../Engine/Content/EditorMeshes/Camera/SM_CraneRig_Mount.uasset" 64
"../../../Engine/Content/EditorMeshes/Camera/SM_CraneRig_Mount.uexp" 65
"../../../Engine/Content/EditorMeshes/Camera/SM_CraneRig_Body.ubulk" 66
"../../../Engine/Content/EditorMeshes/Camera/SM_CraneRig_Body.uasset" 67
"../../../Engine/Content/EditorMeshes/Camera/SM_CraneRig_Body.uexp" 68
"../../../Engine/Content/EditorMeshes/Camera/SM_RailRig_Track.ubulk" 69
"../../../Engine/Content/EditorMeshes/Camera/SM_RailRig_Track.uasset" 70
"../../../Engine/Content/EditorMeshes/Camera/SM_RailRig_Track.uexp" 71
"../../../Engine/Content/EditorMeshes/Camera/SM_RailRig_Mount.ubulk" 72
"../../../Engine/Content/EditorMeshes/Camera/SM_RailRig_Mount.uasset" 73
"../../../Engine/Content/EditorMeshes/Camera/SM_RailRig_Mount.uexp" 74
"../../../Engine/Content/EngineMaterials/T_Default_Material_Grid_M.ubulk" 75
"../../../Engine/Content/EngineMaterials/T_Default_Material_Grid_M.uasset" 76
"../../../Engine/Content/EngineMaterials/T_Default_Material_Grid_M.uexp" 77
"../../../Engine/Content/EngineMaterials/T_Default_Material_Grid_N.ubulk" 78
"../../../Engine/Content/EngineMaterials/T_Default_Material_Grid_N.uasset" 79
"../../../Engine/Content/EngineMaterials/T_Default_Material_Grid_N.uexp" 80
"../../../Engine/Content/Functions/Engine_MaterialFunctions01/Opacity/CameraDepthFade.uasset" 81
"../../../Engine/Content/Functions/Engine_MaterialFunctions01/Opacity/CameraDepthFade.uexp" 82
"../../../Engine/Content/EngineMaterials/WorldGridMaterial.uasset" 83
"../../../Engine/Content/EngineMaterials/WorldGridMaterial.uexp" 84
"../../../Engine/Content/ArtTools/RenderToTexture/Meshes/S_1_Unit_Plane.ubulk" 85
"../../../Engine/Content/ArtTools/RenderToTexture/Meshes/S_1_Unit_Plane.uasset" 86
"../../../Engine/Content/ArtTools/RenderToTexture/Meshes/S_1_Unit_Plane.uexp" 87
"../../../Engine/Content/EditorMaterials/ParticleSystems/PSysThumbnail_NoImage.ubulk" 88
"../../../Engine/Content/EditorMaterials/ParticleSystems/PSysThumbnail_NoImage.uasset" 89
"../../../Engine/Content/EditorMaterials/ParticleSystems/PSysThumbnail_NoImage.uexp" 90
"../../../Engine/Content/EditorMaterials/ParticleSystems/PSysThumbnail_OOD.ubulk" 91
"../../../Engine/Content/EditorMaterials/ParticleSystems/PSysThumbnail_OOD.uasset" 92
"../../../Engine/Content/EditorMaterials/ParticleSystems/PSysThumbnail_OOD.uexp" 93
"../../../Engine/Content/EditorLandscapeResources/SplineEditorMeshMat.uasset" 94
"../../../Engine/Content/EditorLandscapeResources/SplineEditorMeshMat.uexp" 95
"../../../Engine/Content/EditorLandscapeResources/SplineEditorMesh.ubulk" 96
"../../../Engine/Content/EditorLandscapeResources/SplineEditorMesh.uasset" 97
"../../../Engine/Content/EditorLandscapeResources/SplineEditorMesh.uexp" 98
"../../../Engine/Plugins/Media/MediaPlate/Content/SM_MediaPlateScreen.ubulk" 99
"../../../Engine/Plugins/Media/MediaPlate/Content/SM_MediaPlateScreen.uasset" 100
"../../../Engine/Plugins/Media/MediaPlate/Content/SM_MediaPlateScreen.uexp" 101
"../../../Engine/Content/EngineMaterials/DefaultBokeh.uasset" 102
"../../../Engine/Content/EngineMaterials/DefaultBokeh.uexp" 103
"../../../Engine/Content/EngineMaterials/MiniFont.uasset" 104
"../../../Engine/Content/EngineMaterials/MiniFont.uexp" 105
"../../../Engine/Content/EngineMaterials/WeightMapPlaceholderTexture.uasset" 106
"../../../Engine/Content/EngineMaterials/WeightMapPlaceholderTexture.uexp" 107
"../../../Engine/Content/EngineMaterials/WeightMapArrayPlaceholderTexture.uasset" 108
"../../../Engine/Content/EngineMaterials/WeightMapArrayPlaceholderTexture.uexp" 109
"../../../Engine/Content/EngineMaterials/DefaultWhiteGrid.ubulk" 110
"../../../Engine/Content/EngineMaterials/DefaultWhiteGrid.uasset" 111
"../../../Engine/Content/EngineMaterials/DefaultWhiteGrid.uexp" 112
"../../../Engine/Content/EngineMaterials/PreintegratedSkinBRDF.uasset" 113
"../../../Engine/Content/EngineMaterials/PreintegratedSkinBRDF.uexp" 114
"../../../Engine/Plugins/Runtime/MeshModelingToolset/Content/Materials/M_DynamicMeshComponentVtxColor.uasset" 115
"../../../Engine/Plugins/Runtime/MeshModelingToolset/Content/Materials/M_DynamicMeshComponentVtxColor.uexp" 116
"../../../Engine/Plugins/Interchange/Runtime/Content/Pipelines/DefaultTexturePipeline.uasset" 117
"../../../Engine/Plugins/Interchange/Runtime/Content/Pipelines/DefaultTexturePipeline.uexp" 118
"../../../Engine/Plugins/Interchange/Runtime/Content/Pipelines/DefaultSceneLevelPipeline.uasset" 119
"../../../Engine/Plugins/Interchange/Runtime/Content/Pipelines/DefaultSceneLevelPipeline.uexp" 120
"../../../Engine/Plugins/Interchange/Runtime/Content/Pipelines/DefaultSceneAssetsPipeline.uasset" 121
"../../../Engine/Plugins/Interchange/Runtime/Content/Pipelines/DefaultSceneAssetsPipeline.uexp" 122
"../../../Engine/Plugins/Interchange/Runtime/Content/Pipelines/DefaultMaterialXPipeline.uasset" 123
"../../../Engine/Plugins/Interchange/Runtime/Content/Pipelines/DefaultMaterialXPipeline.uexp" 124
"../../../Engine/Plugins/Interchange/Runtime/Content/Pipelines/DefaultMaterialPipeline.uasset" 125
"../../../Engine/Plugins/Interchange/Runtime/Content/Pipelines/DefaultMaterialPipeline.uexp" 126
"../../../Engine/Plugins/Interchange/Runtime/Content/Pipelines/DefaultGLTFSceneAssetsPipeline.uasset" 127
"../../../Engine/Plugins/Interchange/Runtime/Content/Pipelines/DefaultGLTFSceneAssetsPipeline.uexp" 128
"../../../Engine/Plugins/Interchange/Runtime/Content/Pipelines/DefaultGLTFPipeline.uasset" 129
"../../../Engine/Plugins/Interchange/Runtime/Content/Pipelines/DefaultGLTFPipeline.uexp" 130
"../../../Engine/Plugins/Interchange/Runtime/Content/Pipelines/DefaultGLTFAssetsPipeline.uasset" 131
"../../../Engine/Plugins/Interchange/Runtime/Content/Pipelines/DefaultGLTFAssetsPipeline.uexp" 132
"../../../Engine/Plugins/Interchange/Runtime/Content/Pipelines/DefaultAssetsPipeline.uasset" 133
"../../../Engine/Plugins/Interchange/Runtime/Content/Pipelines/DefaultAssetsPipeline.uexp" 134
"../../../Engine/Plugins/Interchange/Runtime/Content/Functions/MX_UsdPreviewSurface.uasset" 135
"../../../Engine/Plugins/Interchange/Runtime/Content/Functions/MX_UsdPreviewSurface.uexp" 136
"../../../Engine/Plugins/Interchange/Runtime/Content/Functions/MX_UniformEDF.uasset" 137
"../../../Engine/Plugins/Interchange/Runtime/Content/Functions/MX_UniformEDF.uexp" 138
"../../../Engine/Plugins/Interchange/Runtime/Content/Functions/MX_TranslucentBSDF.uasset" 139
"../../../Engine/Plugins/Interchange/Runtime/Content/Functions/MX_TranslucentBSDF.uexp" 140
"../../../Engine/Plugins/Interchange/Runtime/Content/Functions/MX_ThinFilmBSDF.uasset" 141
"../../../Engine/Plugins/Interchange/Runtime/Content/Functions/MX_ThinFilmBSDF.uexp" 142
"../../../Engine/Plugins/Interchange/Runtime/Content/Functions/MX_SurfaceUnlit.uasset" 143
"../../../Engine/Plugins/Interchange/Runtime/Content/Functions/MX_SurfaceUnlit.uexp" 144
"../../../Engine/Plugins/Interchange/Runtime/Content/Functions/MX_Surface.uasset" 145
"../../../Engine/Plugins/Interchange/Runtime/Content/Functions/MX_Surface.uexp" 146
"../../../Engine/Plugins/Interchange/Runtime/Content/Functions/MX_SubsurfaceBSDF.uasset" 147
"../../../Engine/Plugins/Interchange/Runtime/Content/Functions/MX_SubsurfaceBSDF.uexp" 148
"../../../Engine/Plugins/Interchange/Runtime/Content/Functions/MX_SheenBSDF.uasset" 149
"../../../Engine/Plugins/Interchange/Runtime/Content/Functions/MX_SheenBSDF.uexp" 150
"../../../Engine/Plugins/Interchange/Runtime/Content/Functions/MX_OrenNayarBSDF.uasset" 151
"../../../Engine/Plugins/Interchange/Runtime/Content/Functions/MX_OrenNayarBSDF.uexp" 152
"../../../Engine/Content/Functions/Engine_MaterialFunctions02/Utility/CameraDirectionVector.uasset" 153
"../../../Engine/Content/Functions/Engine_MaterialFunctions02/Utility/CameraDirectionVector.uexp" 154
"../../../Engine/Content/Functions/Engine_MaterialFunctions01/Volumetrics/BeersLaw.uasset" 155
"../../../Engine/Content/Functions/Engine_MaterialFunctions01/Volumetrics/BeersLaw.uexp" 156
"../../../Engine/Content/EngineMaterials/Good64x64TilingNoiseHighFreq.uasset" 157
"../../../Engine/Content/EngineMaterials/Good64x64TilingNoiseHighFreq.uexp" 158
"../../../Engine/Content/Functions/Engine_MaterialFunctions02/Texturing/ScreenAlignedPixelToPixelUVs.uasset" 159
"../../../Engine/Content/Functions/Engine_MaterialFunctions02/Texturing/ScreenAlignedPixelToPixelUVs.uexp" 160
"../../../Engine/Plugins/Interchange/Runtime/Content/gltf/MaterialFunctions/MF_Temporal_Blur.uasset" 161
"../../../Engine/Plugins/Interchange/Runtime/Content/gltf/MaterialFunctions/MF_Temporal_Blur.uexp" 162
"../../../Engine/Plugins/Interchange/Runtime/Content/gltf/MaterialFunctions/MF_Fresnel_DS.uasset" 163
"../../../Engine/Plugins/Interchange/Runtime/Content/gltf/MaterialFunctions/MF_Fresnel_DS.uexp" 164
"../../../Engine/Content/Functions/Engine_MaterialFunctions02/Utility/BreakOutFloat3Components.uasset" 165
"../../../Engine/Content/Functions/Engine_MaterialFunctions02/Utility/BreakOutFloat3Components.uexp" 166
"../../../Engine/Plugins/Interchange/Runtime/Content/Functions/MX_Transmission.uasset" 167
"../../../Engine/Plugins/Interchange/Runtime/Content/Functions/MX_Transmission.uexp" 168
"../../../Engine/Plugins/Interchange/Runtime/Content/Functions/MF_OrenNayerView.uasset" 169
"../../../Engine/Plugins/Interchange/Runtime/Content/Functions/MF_OrenNayerView.uexp" 170
"../../../Engine/Plugins/Interchange/Runtime/Content/Functions/MF_SchlickApprox.uasset" 171
"../../../Engine/Plugins/Interchange/Runtime/Content/Functions/MF_SchlickApprox.uexp" 172
"../../../Engine/Plugins/Interchange/Runtime/Content/Utilities/New_LUT.uasset" 173
"../../../Engine/Plugins/Interchange/Runtime/Content/Utilities/New_LUT.uexp" 174
"../../../Engine/Content/Functions/Engine_MaterialFunctions03/Math/RemapValueRange.uasset" 175
"../../../Engine/Content/Functions/Engine_MaterialFunctions03/Math/RemapValueRange.uexp" 176
"../../../Engine/Plugins/Interchange/Runtime/Content/Functions/MF_Iridescence.uasset" 177
"../../../Engine/Plugins/Interchange/Runtime/Content/Functions/MF_Iridescence.uexp" 178
"../../../Engine/Plugins/Interchange/Runtime/Content/Functions/MX_StandardSurface.uasset" 179
"../../../Engine/Plugins/Interchange/Runtime/Content/Functions/MX_StandardSurface.uexp" 180
"../../../Engine/Plugins/Interchange/Runtime/Content/Functions/MX_TransmissionSurface.uasset" 181
"../../../Engine/Plugins/Interchange/Runtime/Content/Functions/MX_TransmissionSurface.uexp" 182
"../../../Engine/Plugins/Interchange/Runtime/Content/Functions/MX_OpenPBR_Translucent.uasset" 183
"../../../Engine/Plugins/Interchange/Runtime/Content/Functions/MX_OpenPBR_Translucent.uexp" 184
"../../../Engine/Plugins/Interchange/Runtime/Content/Functions/MX_OpenPBR_Opaque.uasset" 185
"../../../Engine/Plugins/Interchange/Runtime/Content/Functions/MX_OpenPBR_Opaque.uexp" 186
"../../../Engine/Plugins/Interchange/Runtime/Content/Functions/MX_MeasuredEDF.uasset" 187
"../../../Engine/Plugins/Interchange/Runtime/Content/Functions/MX_MeasuredEDF.uexp" 188
"../../../Engine/Plugins/Interchange/Runtime/Content/Functions/MX_GeneralizedSchlickBSDF.uasset" 189
"../../../Engine/Plugins/Interchange/Runtime/Content/Functions/MX_GeneralizedSchlickBSDF.uexp" 190
"../../../Engine/Plugins/Interchange/Runtime/Content/Functions/MX_DielectricBSDF.uasset" 191
"../../../Engine/Plugins/Interchange/Runtime/Content/Functions/MX_DielectricBSDF.uexp" 192
"../../../Engine/Plugins/Interchange/Runtime/Content/Functions/MX_ConicalEDF.uasset" 193
"../../../Engine/Plugins/Interchange/Runtime/Content/Functions/MX_ConicalEDF.uexp" 194
"../../../Engine/Plugins/Interchange/Runtime/Content/Functions/MX_ConductorBSDF.uasset" 195
"../../../Engine/Plugins/Interchange/Runtime/Content/Functions/MX_ConductorBSDF.uexp" 196
"../../../Engine/Plugins/Interchange/Runtime/Content/Functions/MX_BurleyDiffuseBSDF.uasset" 197
"../../../Engine/Plugins/Interchange/Runtime/Content/Functions/MX_BurleyDiffuseBSDF.uexp" 198
"../../../Engine/Plugins/Interchange/Runtime/Content/Functions/MX_AnisotropicVDF.uasset" 199
"../../../Engine/Plugins/Interchange/Runtime/Content/Functions/MX_AnisotropicVDF.uexp" 200
"../../../Engine/Plugins/Interchange/Runtime/Content/Functions/MX_AbsorptionVDF.uasset" 201
"../../../Engine/Plugins/Interchange/Runtime/Content/Functions/MX_AbsorptionVDF.uexp" 202
"../../../Engine/Plugins/Editor/SpeedTreeImporter/Content/SpeedTree9/game_wind_noise.ubulk" 203
"../../../Engine/Plugins/Editor/SpeedTreeImporter/Content/SpeedTree9/game_wind_noise.uasset" 204
"../../../Engine/Plugins/Editor/SpeedTreeImporter/Content/SpeedTree9/game_wind_noise.uexp" 205
"../../../Engine/Plugins/Editor/SpeedTreeImporter/Content/SpeedTree9/UnpackDirection.uasset" 206
"../../../Engine/Plugins/Editor/SpeedTreeImporter/Content/SpeedTree9/UnpackDirection.uexp" 207
"../../../Engine/Content/Functions/Engine_MaterialFunctions02/ObjectLocalBounds.uasset" 208
"../../../Engine/Content/Functions/Engine_MaterialFunctions02/ObjectLocalBounds.uexp" 209
"../../../Engine/Content/Functions/Engine_MaterialFunctions02/UVs/BoundingBoxBased_0-1_UVW.uasset" 210
"../../../Engine/Content/Functions/Engine_MaterialFunctions02/UVs/BoundingBoxBased_0-1_UVW.uexp" 211
"../../../Engine/Content/Functions/Engine_MaterialFunctions02/Utility/VectorLength.uasset" 212
"../../../Engine/Content/Functions/Engine_MaterialFunctions02/Utility/VectorLength.uexp" 213
"../../../Engine/Plugins/Editor/SpeedTreeImporter/Content/SpeedTree9/UnpackInteger3.uasset" 214
"../../../Engine/Plugins/Editor/SpeedTreeImporter/Content/SpeedTree9/UnpackInteger3.uexp" 215
"../../../Engine/Plugins/Editor/SpeedTreeImporter/Content/SpeedTree9/SpeedTreeCameraFacing.uasset" 216
"../../../Engine/Plugins/Editor/SpeedTreeImporter/Content/SpeedTree9/SpeedTreeCameraFacing.uexp" 217
"../../../Engine/Content/Functions/Engine_MaterialFunctions02/WorldPositionOffset/ObjectScale.uasset" 218
"../../../Engine/Content/Functions/Engine_MaterialFunctions02/WorldPositionOffset/ObjectScale.uexp" 219
"../../../Engine/Content/Functions/Engine_MaterialFunctions02/SafeNormalize.uasset" 220
"../../../Engine/Content/Functions/Engine_MaterialFunctions02/SafeNormalize.uexp" 221
"../../../Engine/Plugins/Editor/SpeedTreeImporter/Content/SpeedTree9/SpeedTreeWindMotion.uasset" 222
"../../../Engine/Plugins/Editor/SpeedTreeImporter/Content/SpeedTree9/SpeedTreeWindMotion.uexp" 223
"../../../Engine/Plugins/Editor/SpeedTreeImporter/Content/SpeedTree9/SpeedTreeBranchMotion.uasset" 224
"../../../Engine/Plugins/Editor/SpeedTreeImporter/Content/SpeedTree9/SpeedTreeBranchMotion.uexp" 225
"../../../Engine/Plugins/Editor/SpeedTreeImporter/Content/SpeedTree9/SpeedTreeWind.uasset" 226
"../../../Engine/Plugins/Editor/SpeedTreeImporter/Content/SpeedTree9/SpeedTreeWind.uexp" 227
"../../../Engine/Plugins/Editor/SpeedTreeImporter/Content/SpeedTree9/EmptyNormal.uasset" 228
"../../../Engine/Plugins/Editor/SpeedTreeImporter/Content/SpeedTree9/EmptyNormal.uexp" 229
"../../../Engine/Plugins/Editor/SpeedTreeImporter/Content/SpeedTree9/Empty.uasset" 230
"../../../Engine/Plugins/Editor/SpeedTreeImporter/Content/SpeedTree9/Empty.uexp" 231
"../../../Engine/Plugins/Editor/SpeedTreeImporter/Content/SpeedTree9/SpeedTreeMaster.uasset" 232
"../../../Engine/Plugins/Editor/SpeedTreeImporter/Content/SpeedTree9/SpeedTreeMaster.uexp" 233
"../../../Engine/Plugins/Editor/SpeedTreeImporter/Content/SpeedTree9/SpeedTreeBillboard.uasset" 234
"../../../Engine/Plugins/Editor/SpeedTreeImporter/Content/SpeedTree9/SpeedTreeBillboard.uexp" 235
"../../../Engine/Plugins/Editor/SpeedTreeImporter/Content/SpeedTree9/SpeedTreeBillboardMaster.uasset" 236
"../../../Engine/Plugins/Editor/SpeedTreeImporter/Content/SpeedTree9/SpeedTreeBillboardMaster.uexp" 237
"../../../Engine/Content/Functions/Engine_MaterialFunctions02/WorldPositionOffset/CameraOffset.uasset" 238
"../../../Engine/Content/Functions/Engine_MaterialFunctions02/WorldPositionOffset/CameraOffset.uexp" 239
"../../../Engine/Plugins/Animation/ControlRig/Content/M_Manip.uasset" 240
"../../../Engine/Plugins/Animation/ControlRig/Content/M_Manip.uexp" 241
"../../../Engine/Plugins/Animation/ControlRig/Content/Controls/DefaultGizmoLibraryNormalized.uasset" 242
"../../../Engine/Plugins/Animation/ControlRig/Content/Controls/DefaultGizmoLibraryNormalized.uexp" 243
"../../../Engine/Plugins/Animation/ControlRig/Content/Controls/ControlRig_Wedge_solid.ubulk" 244
"../../../Engine/Plugins/Animation/ControlRig/Content/Controls/ControlRig_Wedge_solid.uasset" 245
"../../../Engine/Plugins/Animation/ControlRig/Content/Controls/ControlRig_Wedge_solid.uexp" 246
"../../../Engine/Plugins/Animation/ControlRig/Content/Controls/ControlRig_Wedge_3mm.ubulk" 247
"../../../Engine/Plugins/Animation/ControlRig/Content/Controls/ControlRig_Wedge_3mm.uasset" 248
"../../../Engine/Plugins/Animation/ControlRig/Content/Controls/ControlRig_Wedge_3mm.uexp" 249
"../../../Engine/Plugins/Animation/ControlRig/Content/Controls/ControlRig_Wedge_1mm.ubulk" 250
"../../../Engine/Plugins/Animation/ControlRig/Content/Controls/ControlRig_Wedge_1mm.uasset" 251
"../../../Engine/Plugins/Animation/ControlRig/Content/Controls/ControlRig_Wedge_1mm.uexp" 252
"../../../Engine/Plugins/Animation/ControlRig/Content/Controls/ControlRig_Triangle_solid.ubulk" 253
"../../../Engine/Plugins/Animation/ControlRig/Content/Controls/ControlRig_Triangle_solid.uasset" 254
"../../../Engine/Plugins/Animation/ControlRig/Content/Controls/ControlRig_Triangle_solid.uexp" 255
"../../../Engine/Plugins/Animation/ControlRig/Content/Controls/ControlRig_Triangle_3mm.ubulk" 256
"../../../Engine/Plugins/Animation/ControlRig/Content/Controls/ControlRig_Triangle_3mm.uasset" 257
"../../../Engine/Plugins/Animation/ControlRig/Content/Controls/ControlRig_Triangle_3mm.uexp" 258
"../../../Engine/Plugins/Animation/ControlRig/Content/Controls/ControlRig_Triangle_1mm.ubulk" 259
"../../../Engine/Plugins/Animation/ControlRig/Content/Controls/ControlRig_Triangle_1mm.uasset" 260
"../../../Engine/Plugins/Animation/ControlRig/Content/Controls/ControlRig_Triangle_1mm.uexp" 261
"../../../Engine/Plugins/Animation/ControlRig/Content/Controls/ControlRig_Star4_solid.ubulk" 262
"../../../Engine/Plugins/Animation/ControlRig/Content/Controls/ControlRig_Star4_solid.uasset" 263
"../../../Engine/Plugins/Animation/ControlRig/Content/Controls/ControlRig_Star4_solid.uexp" 264
"../../../Engine/Plugins/Animation/ControlRig/Content/Controls/ControlRig_Star4_3mm.ubulk" 265
"../../../Engine/Plugins/Animation/ControlRig/Content/Controls/ControlRig_Star4_3mm.uasset" 266
"../../../Engine/Plugins/Animation/ControlRig/Content/Controls/ControlRig_Star4_3mm.uexp" 267
"../../../Engine/Plugins/Animation/ControlRig/Content/Controls/ControlRig_Star4_1mm.ubulk" 268
"../../../Engine/Plugins/Animation/ControlRig/Content/Controls/ControlRig_Star4_1mm.uasset" 269
"../../../Engine/Plugins/Animation/ControlRig/Content/Controls/ControlRig_Star4_1mm.uexp" 270
"../../../Engine/Plugins/Animation/ControlRig/Content/Controls/ControlRig_Square_solid.ubulk" 271
"../../../Engine/Plugins/Animation/ControlRig/Content/Controls/ControlRig_Square_solid.uasset" 272
"../../../Engine/Plugins/Animation/ControlRig/Content/Controls/ControlRig_Square_solid.uexp" 273
"../../../Engine/Plugins/Animation/ControlRig/Content/Controls/ControlRig_Square_3mm.ubulk" 274
"../../../Engine/Plugins/Animation/ControlRig/Content/Controls/ControlRig_Square_3mm.uasset" 275
"../../../Engine/Plugins/Animation/ControlRig/Content/Controls/ControlRig_Square_3mm.uexp" 276
"../../../Engine/Plugins/Animation/ControlRig/Content/Controls/ControlRig_Square_1mm.ubulk" 277
"../../../Engine/Plugins/Animation/ControlRig/Content/Controls/ControlRig_Square_1mm.uasset" 278
"../../../Engine/Plugins/Animation/ControlRig/Content/Controls/ControlRig_Square_1mm.uexp" 279
"../../../Engine/Plugins/Animation/ControlRig/Content/Controls/ControlRig_Sphere_solid.ubulk" 280
"../../../Engine/Plugins/Animation/ControlRig/Content/Controls/ControlRig_Sphere_solid.uasset" 281
"../../../Engine/Plugins/Animation/ControlRig/Content/Controls/ControlRig_Sphere_solid.uexp" 282
"../../../Engine/Plugins/Animation/ControlRig/Content/Controls/ControlRig_Sphere_3mm.ubulk" 283
"../../../Engine/Plugins/Animation/ControlRig/Content/Controls/ControlRig_Sphere_3mm.uasset" 284
"../../../Engine/Plugins/Animation/ControlRig/Content/Controls/ControlRig_Sphere_3mm.uexp" 285
"../../../Engine/Plugins/Animation/ControlRig/Content/Controls/ControlRig_Sphere_1mm.ubulk" 286
"../../../Engine/Plugins/Animation/ControlRig/Content/Controls/ControlRig_Sphere_1mm.uasset" 287
"../../../Engine/Plugins/Animation/ControlRig/Content/Controls/ControlRig_Sphere_1mm.uexp" 288
"../../../Engine/Plugins/Animation/ControlRig/Content/Controls/ControlRig_RoundedTriangle_solid.ubulk" 289
"../../../Engine/Plugins/Animation/ControlRig/Content/Controls/ControlRig_RoundedTriangle_solid.uasset" 290
"../../../Engine/Plugins/Animation/ControlRig/Content/Controls/ControlRig_RoundedTriangle_solid.uexp" 291
"../../../Engine/Plugins/Animation/ControlRig/Content/Controls/ControlRig_RoundedTriangle_3mm.ubulk" 292
"../../../Engine/Plugins/Animation/ControlRig/Content/Controls/ControlRig_RoundedTriangle_3mm.uasset" 293
"../../../Engine/Plugins/Animation/ControlRig/Content/Controls/ControlRig_RoundedTriangle_3mm.uexp" 294
"../../../Engine/Plugins/Animation/ControlRig/Content/Controls/ControlRig_RoundedTriangle_1mm.ubulk" 295
"../../../Engine/Plugins/Animation/ControlRig/Content/Controls/ControlRig_RoundedTriangle_1mm.uasset" 296
"../../../Engine/Plugins/Animation/ControlRig/Content/Controls/ControlRig_RoundedTriangle_1mm.uexp" 297
"../../../Engine/Plugins/Animation/ControlRig/Content/Controls/ControlRig_RoundedSquare_solid.ubulk" 298
"../../../Engine/Plugins/Animation/ControlRig/Content/Controls/ControlRig_RoundedSquare_solid.uasset" 299
"../../../Engine/Plugins/Animation/ControlRig/Content/Controls/ControlRig_RoundedSquare_solid.uexp" 300
"../../../Engine/Plugins/Animation/ControlRig/Content/Controls/ControlRig_RoundedSquare_3mm.ubulk" 301
"../../../Engine/Plugins/Animation/ControlRig/Content/Controls/ControlRig_RoundedSquare_3mm.uasset" 302
"../../../Engine/Plugins/Animation/ControlRig/Content/Controls/ControlRig_RoundedSquare_3mm.uexp" 303
"../../../Engine/Plugins/Animation/ControlRig/Content/Controls/ControlRig_RoundedSquare_1mm.ubulk" 304
"../../../Engine/Plugins/Animation/ControlRig/Content/Controls/ControlRig_RoundedSquare_1mm.uasset" 305
"../../../Engine/Plugins/Animation/ControlRig/Content/Controls/ControlRig_RoundedSquare_1mm.uexp" 306
"../../../Engine/Plugins/Animation/ControlRig/Content/Controls/ControlRig_QuarterCircle_solid.ubulk" 307
"../../../Engine/Plugins/Animation/ControlRig/Content/Controls/ControlRig_QuarterCircle_solid.uasset" 308
"../../../Engine/Plugins/Animation/ControlRig/Content/Controls/ControlRig_QuarterCircle_solid.uexp" 309
"../../../Engine/Plugins/Animation/ControlRig/Content/Controls/ControlRig_QuarterCircle_3mm.ubulk" 310
"../../../Engine/Plugins/Animation/ControlRig/Content/Controls/ControlRig_QuarterCircle_3mm.uasset" 311
"../../../Engine/Plugins/Animation/ControlRig/Content/Controls/ControlRig_QuarterCircle_3mm.uexp" 312
"../../../Engine/Plugins/Animation/ControlRig/Content/Controls/ControlRig_QuarterCircle_1mm.ubulk" 313
"../../../Engine/Plugins/Animation/ControlRig/Content/Controls/ControlRig_QuarterCircle_1mm.uasset" 314
"../../../Engine/Plugins/Animation/ControlRig/Content/Controls/ControlRig_QuarterCircle_1mm.uexp" 315
"../../../Engine/Plugins/Animation/ControlRig/Content/Controls/ControlRig_Pyramid_solid.ubulk" 316
"../../../Engine/Plugins/Animation/ControlRig/Content/Controls/ControlRig_Pyramid_solid.uasset" 317
"../../../Engine/Plugins/Animation/ControlRig/Content/Controls/ControlRig_Pyramid_solid.uexp" 318
"../../../Engine/Plugins/Animation/ControlRig/Content/Controls/ControlRig_Pyramid_3mm.ubulk" 319
"../../../Engine/Plugins/Animation/ControlRig/Content/Controls/ControlRig_Pyramid_3mm.uasset" 320
"../../../Engine/Plugins/Animation/ControlRig/Content/Controls/ControlRig_Pyramid_3mm.uexp" 321
"../../../Engine/Plugins/Animation/ControlRig/Content/Controls/ControlRig_Pyramid_1mm.ubulk" 322
"../../../Engine/Plugins/Animation/ControlRig/Content/Controls/ControlRig_Pyramid_1mm.uasset" 323
"../../../Engine/Plugins/Animation/ControlRig/Content/Controls/ControlRig_Pyramid_1mm.uexp" 324
"../../../Engine/Plugins/Animation/ControlRig/Content/Controls/ControlRig_Octagon_solid.ubulk" 325
"../../../Engine/Plugins/Animation/ControlRig/Content/Controls/ControlRig_Octagon_solid.uasset" 326
"../../../Engine/Plugins/Animation/ControlRig/Content/Controls/ControlRig_Octagon_solid.uexp" 327
"../../../Engine/Plugins/Animation/ControlRig/Content/Controls/ControlRig_Octagon_3mm.ubulk" 328
"../../../Engine/Plugins/Animation/ControlRig/Content/Controls/ControlRig_Octagon_3mm.uasset" 329
"../../../Engine/Plugins/Animation/ControlRig/Content/Controls/ControlRig_Octagon_3mm.uexp" 330
"../../../Engine/Plugins/Animation/ControlRig/Content/Controls/ControlRig_Octagon_1mm.ubulk" 331
"../../../Engine/Plugins/Animation/ControlRig/Content/Controls/ControlRig_Octagon_1mm.uasset" 332
"../../../Engine/Plugins/Animation/ControlRig/Content/Controls/ControlRig_Octagon_1mm.uexp" 333
"../../../Engine/Plugins/Animation/ControlRig/Content/Controls/ControlRig_Hexagon_solid.ubulk" 334
"../../../Engine/Plugins/Animation/ControlRig/Content/Controls/ControlRig_Hexagon_solid.uasset" 335
"../../../Engine/Plugins/Animation/ControlRig/Content/Controls/ControlRig_Hexagon_solid.uexp" 336
"../../../Engine/Plugins/Animation/ControlRig/Content/Controls/ControlRig_Hexagon_3mm.ubulk" 337
"../../../Engine/Plugins/Animation/ControlRig/Content/Controls/ControlRig_Hexagon_3mm.uasset" 338
"../../../Engine/Plugins/Animation/ControlRig/Content/Controls/ControlRig_Hexagon_3mm.uexp" 339
"../../../Engine/Plugins/Animation/ControlRig/Content/Controls/ControlRig_Hexagon_1mm.ubulk" 340
"../../../Engine/Plugins/Animation/ControlRig/Content/Controls/ControlRig_Hexagon_1mm.uasset" 341
"../../../Engine/Plugins/Animation/ControlRig/Content/Controls/ControlRig_Hexagon_1mm.uexp" 342
"../../../Engine/Plugins/Animation/ControlRig/Content/Controls/ControlRig_HalfCircle_solid.ubulk" 343
"../../../Engine/Plugins/Animation/ControlRig/Content/Controls/ControlRig_HalfCircle_solid.uasset" 344
"../../../Engine/Plugins/Animation/ControlRig/Content/Controls/ControlRig_HalfCircle_solid.uexp" 345
"../../../Engine/Plugins/Animation/ControlRig/Content/Controls/ControlRig_HalfCircle_3mm.ubulk" 346
"../../../Engine/Plugins/Animation/ControlRig/Content/Controls/ControlRig_HalfCircle_3mm.uasset" 347
"../../../Engine/Plugins/Animation/ControlRig/Content/Controls/ControlRig_HalfCircle_3mm.uexp" 348
"../../../Engine/Plugins/Animation/ControlRig/Content/Controls/ControlRig_HalfCircle_1mm.ubulk" 349
"../../../Engine/Plugins/Animation/ControlRig/Content/Controls/ControlRig_HalfCircle_1mm.uasset" 350
"../../../Engine/Plugins/Animation/ControlRig/Content/Controls/ControlRig_HalfCircle_1mm.uexp" 351
"../../../Engine/Plugins/Animation/ControlRig/Content/Controls/ControlRig_Diamond_solid.ubulk" 352
"../../../Engine/Plugins/Animation/ControlRig/Content/Controls/ControlRig_Diamond_solid.uasset" 353
"../../../Engine/Plugins/Animation/ControlRig/Content/Controls/ControlRig_Diamond_solid.uexp" 354
"../../../Engine/Plugins/Animation/ControlRig/Content/Controls/ControlRig_Diamond_3mm.ubulk" 355
"../../../Engine/Plugins/Animation/ControlRig/Content/Controls/ControlRig_Diamond_3mm.uasset" 356
"../../../Engine/Plugins/Animation/ControlRig/Content/Controls/ControlRig_Diamond_3mm.uexp" 357
"../../../Engine/Plugins/Animation/ControlRig/Content/Controls/ControlRig_Diamond_1mm.ubulk" 358
"../../../Engine/Plugins/Animation/ControlRig/Content/Controls/ControlRig_Diamond_1mm.uasset" 359
"../../../Engine/Plugins/Animation/ControlRig/Content/Controls/ControlRig_Diamond_1mm.uexp" 360
"../../../Engine/Plugins/Animation/ControlRig/Content/Controls/ControlRig_Circle_solid.ubulk" 361
"../../../Engine/Plugins/Animation/ControlRig/Content/Controls/ControlRig_Circle_solid.uasset" 362
"../../../Engine/Plugins/Animation/ControlRig/Content/Controls/ControlRig_Circle_solid.uexp" 363
"../../../Engine/Plugins/Animation/ControlRig/Content/Controls/ControlRig_Circle_3mm.ubulk" 364
"../../../Engine/Plugins/Animation/ControlRig/Content/Controls/ControlRig_Circle_3mm.uasset" 365
"../../../Engine/Plugins/Animation/ControlRig/Content/Controls/ControlRig_Circle_3mm.uexp" 366
"../../../Engine/Plugins/Animation/ControlRig/Content/Controls/ControlRig_Circle_1mm.ubulk" 367
"../../../Engine/Plugins/Animation/ControlRig/Content/Controls/ControlRig_Circle_1mm.uasset" 368
"../../../Engine/Plugins/Animation/ControlRig/Content/Controls/ControlRig_Circle_1mm.uexp" 369
"../../../Engine/Plugins/Animation/ControlRig/Content/Controls/ControlRig_Box_solid.ubulk" 370
"../../../Engine/Plugins/Animation/ControlRig/Content/Controls/ControlRig_Box_solid.uasset" 371
"../../../Engine/Plugins/Animation/ControlRig/Content/Controls/ControlRig_Box_solid.uexp" 372
"../../../Engine/Plugins/Animation/ControlRig/Content/Controls/ControlRig_Box_3mm.ubulk" 373
"../../../Engine/Plugins/Animation/ControlRig/Content/Controls/ControlRig_Box_3mm.uasset" 374
"../../../Engine/Plugins/Animation/ControlRig/Content/Controls/ControlRig_Box_3mm.uexp" 375
"../../../Engine/Plugins/Animation/ControlRig/Content/Controls/ControlRig_Box_1mm.ubulk" 376
"../../../Engine/Plugins/Animation/ControlRig/Content/Controls/ControlRig_Box_1mm.uasset" 377
"../../../Engine/Plugins/Animation/ControlRig/Content/Controls/ControlRig_Box_1mm.uexp" 378
"../../../Engine/Plugins/Animation/ControlRig/Content/Controls/ControlRig_Arrow_solid.ubulk" 379
"../../../Engine/Plugins/Animation/ControlRig/Content/Controls/ControlRig_Arrow_solid.uasset" 380
"../../../Engine/Plugins/Animation/ControlRig/Content/Controls/ControlRig_Arrow_solid.uexp" 381
"../../../Engine/Plugins/Animation/ControlRig/Content/Controls/ControlRig_Arrow_3mm.ubulk" 382
"../../../Engine/Plugins/Animation/ControlRig/Content/Controls/ControlRig_Arrow_3mm.uasset" 383
"../../../Engine/Plugins/Animation/ControlRig/Content/Controls/ControlRig_Arrow_3mm.uexp" 384
"../../../Engine/Plugins/Animation/ControlRig/Content/Controls/ControlRig_Arrow_1mm.ubulk" 385
"../../../Engine/Plugins/Animation/ControlRig/Content/Controls/ControlRig_Arrow_1mm.uasset" 386
"../../../Engine/Plugins/Animation/ControlRig/Content/Controls/ControlRig_Arrow_1mm.uexp" 387
"../../../Engine/Plugins/Animation/ControlRig/Content/Controls/ControlRig_Arrow4_solid.ubulk" 388
"../../../Engine/Plugins/Animation/ControlRig/Content/Controls/ControlRig_Arrow4_solid.uasset" 389
"../../../Engine/Plugins/Animation/ControlRig/Content/Controls/ControlRig_Arrow4_solid.uexp" 390
"../../../Engine/Plugins/Animation/ControlRig/Content/Controls/ControlRig_Arrow4_3mm.ubulk" 391
"../../../Engine/Plugins/Animation/ControlRig/Content/Controls/ControlRig_Arrow4_3mm.uasset" 392
"../../../Engine/Plugins/Animation/ControlRig/Content/Controls/ControlRig_Arrow4_3mm.uexp" 393
"../../../Engine/Plugins/Animation/ControlRig/Content/Controls/ControlRig_Arrow4_1mm.ubulk" 394
"../../../Engine/Plugins/Animation/ControlRig/Content/Controls/ControlRig_Arrow4_1mm.uasset" 395
"../../../Engine/Plugins/Animation/ControlRig/Content/Controls/ControlRig_Arrow4_1mm.uexp" 396
"../../../Engine/Plugins/Animation/ControlRig/Content/Controls/ControlRig_Arrow2_solid.ubulk" 397
"../../../Engine/Plugins/Animation/ControlRig/Content/Controls/ControlRig_Arrow2_solid.uasset" 398
"../../../Engine/Plugins/Animation/ControlRig/Content/Controls/ControlRig_Arrow2_solid.uexp" 399
"../../../Engine/Plugins/Animation/ControlRig/Content/Controls/ControlRig_Arrow2_3mm.ubulk" 400
"../../../Engine/Plugins/Animation/ControlRig/Content/Controls/ControlRig_Arrow2_3mm.uasset" 401
"../../../Engine/Plugins/Animation/ControlRig/Content/Controls/ControlRig_Arrow2_3mm.uexp" 402
"../../../Engine/Plugins/Animation/ControlRig/Content/Controls/ControlRig_Arrow2_1mm.ubulk" 403
"../../../Engine/Plugins/Animation/ControlRig/Content/Controls/ControlRig_Arrow2_1mm.uasset" 404
"../../../Engine/Plugins/Animation/ControlRig/Content/Controls/ControlRig_Arrow2_1mm.uexp" 405
"../../../Engine/Plugins/Animation/ControlRig/Content/Controls/ControlRigXRayMaterial.uasset" 406
"../../../Engine/Plugins/Animation/ControlRig/Content/Controls/ControlRigXRayMaterial.uexp" 407
"../../../Engine/Plugins/Animation/ControlRig/Content/Controls/ControlRigGizmoMaterial.uasset" 408
"../../../Engine/Plugins/Animation/ControlRig/Content/Controls/ControlRigGizmoMaterial.uexp" 409
"../../../Engine/Plugins/Animation/ACLPlugin/Content/ACLAnimCurveCompressionSettings.uasset" 410
"../../../Engine/Plugins/Animation/ACLPlugin/Content/ACLAnimCurveCompressionSettings.uexp" 411
"../../../Engine/Plugins/2D/Paper2D/Content/PlaceholderTextures/DummySpriteTexture.ubulk" 412
"../../../Engine/Plugins/2D/Paper2D/Content/PlaceholderTextures/DummySpriteTexture.uasset" 413
"../../../Engine/Plugins/2D/Paper2D/Content/PlaceholderTextures/DummySpriteTexture.uexp" 414
"../../../Engine/Plugins/2D/Paper2D/Content/DefaultSpriteMaterial.uasset" 415
"../../../Engine/Plugins/2D/Paper2D/Content/DefaultSpriteMaterial.uexp" 416
"../../../Engine/Plugins/2D/Paper2D/Content/OpaqueUnlitSpriteMaterial.uasset" 417
"../../../Engine/Plugins/2D/Paper2D/Content/OpaqueUnlitSpriteMaterial.uexp" 418
"../../../Engine/Plugins/2D/Paper2D/Content/MaskedUnlitSpriteMaterial.uasset" 419
"../../../Engine/Plugins/2D/Paper2D/Content/MaskedUnlitSpriteMaterial.uexp" 420
"../../../Engine/Plugins/2D/Paper2D/Content/DummySprite.uasset" 421
"../../../Engine/Plugins/2D/Paper2D/Content/DummySprite.uexp" 422
"../../../Engine/Plugins/2D/Paper2D/Content/DefaultPaperTerrainMaterial.uasset" 423
"../../../Engine/Plugins/2D/Paper2D/Content/DefaultPaperTerrainMaterial.uexp" 424
"../../../Engine/Content/VREditor/TransformGizmo/StartRotationHandleIndicator.ubulk" 425
"../../../Engine/Content/VREditor/TransformGizmo/StartRotationHandleIndicator.uasset" 426
"../../../Engine/Content/VREditor/TransformGizmo/StartRotationHandleIndicator.uexp" 427
"../../../Engine/Content/VREditor/Sounds/UI/Drop_Item_From_ContentBrowser.ubulk" 428
"../../../Engine/Content/VREditor/Sounds/UI/Drop_Item_From_ContentBrowser.uasset" 429
"../../../Engine/Content/VREditor/Sounds/UI/Drop_Item_From_ContentBrowser.uexp" 430
"../../../Engine/Content/VREditor/TransformGizmo/PlaneTranslationHandle.ubulk" 431
"../../../Engine/Content/VREditor/TransformGizmo/PlaneTranslationHandle.uasset" 432
"../../../Engine/Content/VREditor/TransformGizmo/PlaneTranslationHandle.uexp" 433
"../../../Engine/Content/VREditor/Sounds/UI/Object_Snaps_To_Grid.ubulk" 434
"../../../Engine/Content/VREditor/Sounds/UI/Object_Snaps_To_Grid.uasset" 435
"../../../Engine/Content/VREditor/Sounds/UI/Object_Snaps_To_Grid.uexp" 436
"../../../Engine/Content/VREditor/Sounds/UI/Selection_Changes.ubulk" 437
"../../../Engine/Content/VREditor/Sounds/UI/Selection_Changes.uasset" 438
"../../../Engine/Content/VREditor/Sounds/UI/Selection_Changes.uexp" 439
"../../../Engine/Content/VREditor/Sounds/UI/Object_Snaps_To_Another_Actor.ubulk" 440
"../../../Engine/Content/VREditor/Sounds/UI/Object_Snaps_To_Another_Actor.uasset" 441
"../../../Engine/Content/VREditor/Sounds/UI/Object_Snaps_To_Another_Actor.uexp" 442
"../../../Engine/Content/VREditor/TransformGizmo/TranslucentTransformGizmoMaterial_Inst.uasset" 443
"../../../Engine/Content/VREditor/TransformGizmo/TranslucentTransformGizmoMaterial_Inst.uexp" 444
"../../../Engine/Content/VREditor/TransformGizmo/TransformGizmoFreeRotation.ubulk" 445
"../../../Engine/Content/VREditor/TransformGizmo/TransformGizmoFreeRotation.uasset" 446
"../../../Engine/Content/VREditor/TransformGizmo/TransformGizmoFreeRotation.uexp" 447
"../../../Engine/Content/VREditor/Sounds/UI/Scaling_Down.ubulk" 448
"../../../Engine/Content/VREditor/Sounds/UI/Scaling_Down.uasset" 449
"../../../Engine/Content/VREditor/Sounds/UI/Scaling_Down.uexp" 450
"../../../Engine/Content/Functions/Engine_MaterialFunctions02/Math/Transform3x3Matrix.uasset" 451
"../../../Engine/Content/Functions/Engine_MaterialFunctions02/Math/Transform3x3Matrix.uexp" 452
"../../../Engine/Content/Functions/Engine_MaterialFunctions02/SplitComponents.uasset" 453
"../../../Engine/Content/Functions/Engine_MaterialFunctions02/SplitComponents.uexp" 454
"../../../Engine/Content/Functions/Engine_MaterialFunctions02/Utility/MakeFloat3.uasset" 455
"../../../Engine/Content/Functions/Engine_MaterialFunctions02/Utility/MakeFloat3.uexp" 456
"../../../Engine/Content/VREditor/SnapGrid/SnapGridMaterial.uasset" 457
"../../../Engine/Content/VREditor/SnapGrid/SnapGridMaterial.uexp" 458
"../../../Engine/Content/VREditor/SnapGrid/SnapGridPlaneMesh.ubulk" 459
"../../../Engine/Content/VREditor/SnapGrid/SnapGridPlaneMesh.uasset" 460
"../../../Engine/Content/VREditor/SnapGrid/SnapGridPlaneMesh.uexp" 461
"../../../Engine/Content/VREditor/Sounds/UI/Scaling_Up.ubulk" 462
"../../../Engine/Content/VREditor/Sounds/UI/Scaling_Up.uasset" 463
"../../../Engine/Content/VREditor/Sounds/UI/Scaling_Up.uexp" 464
"../../../Engine/Content/VREditor/TransformGizmo/TransformGizmoMaterial_Inst.uasset" 465
"../../../Engine/Content/VREditor/TransformGizmo/TransformGizmoMaterial_Inst.uexp" 466
"../../../Engine/Content/VREditor/Sounds/UI/Gizmo_Handle_Clicked.ubulk" 467
"../../../Engine/Content/VREditor/Sounds/UI/Gizmo_Handle_Clicked.uasset" 468
"../../../Engine/Content/VREditor/Sounds/UI/Gizmo_Handle_Clicked.uexp" 469
"../../../Engine/Content/VREditor/TransformGizmo/RotationHandleQuarter.ubulk" 470
"../../../Engine/Content/VREditor/TransformGizmo/RotationHandleQuarter.uasset" 471
"../../../Engine/Content/VREditor/TransformGizmo/RotationHandleQuarter.uexp" 472
"../../../Engine/Content/VREditor/TransformGizmo/TranslateArrowHandle.ubulk" 473
"../../../Engine/Content/VREditor/TransformGizmo/TranslateArrowHandle.uasset" 474
"../../../Engine/Content/VREditor/TransformGizmo/TranslateArrowHandle.uexp" 475
"../../../Engine/Content/VREditor/TransformGizmo/RotationHandleIndicator.ubulk" 476
"../../../Engine/Content/VREditor/TransformGizmo/RotationHandleIndicator.uasset" 477
"../../../Engine/Content/VREditor/TransformGizmo/RotationHandleIndicator.uexp" 478
"../../../Engine/Content/VREditor/TransformGizmo/UniformScaleHandle.ubulk" 479
"../../../Engine/Content/VREditor/TransformGizmo/UniformScaleHandle.uasset" 480
"../../../Engine/Content/VREditor/TransformGizmo/UniformScaleHandle.uexp" 481
"../../../Engine/Content/VREditor/TransformGizmo/RotationHandleFull.ubulk" 482
"../../../Engine/Content/VREditor/TransformGizmo/RotationHandleFull.uasset" 483
"../../../Engine/Content/VREditor/TransformGizmo/RotationHandleFull.uexp" 484
"../../../Engine/Content/VREditor/Sounds/UI/Object_PickUp.ubulk" 485
"../../../Engine/Content/VREditor/Sounds/UI/Object_PickUp.uasset" 486
"../../../Engine/Content/VREditor/Sounds/UI/Object_PickUp.uexp" 487
"../../../Engine/Content/EngineResources/WhiteSquareTexture.uasset" 488
"../../../Engine/Content/EngineResources/WhiteSquareTexture.uexp" 489
"../../../Engine/Content/EngineMaterials/Widget3DPassThrough.uasset" 490
"../../../Engine/Content/EngineMaterials/Widget3DPassThrough.uexp" 491
"../../../Engine/Content/EngineMaterials/Widget3DPassThrough_Translucent.uasset" 492
"../../../Engine/Content/EngineMaterials/Widget3DPassThrough_Translucent.uexp" 493
"../../../Engine/Content/EngineMaterials/Widget3DPassThrough_Translucent_OneSided.uasset" 494
"../../../Engine/Content/EngineMaterials/Widget3DPassThrough_Translucent_OneSided.uexp" 495
"../../../Engine/Content/EngineMaterials/Widget3DPassThrough_Opaque.uasset" 496
"../../../Engine/Content/EngineMaterials/Widget3DPassThrough_Opaque.uexp" 497
"../../../Engine/Content/EngineMaterials/Widget3DPassThrough_Opaque_OneSided.uasset" 498
"../../../Engine/Content/EngineMaterials/Widget3DPassThrough_Opaque_OneSided.uexp" 499
"../../../Engine/Content/EngineMaterials/Widget3DPassThrough_Masked_OneSided.uasset" 500
"../../../Engine/Content/EngineMaterials/Widget3DPassThrough_Masked_OneSided.uexp" 501
"../../../Engine/Content/EngineMaterials/Widget3DPassThrough_Masked.uasset" 502
"../../../Engine/Content/EngineMaterials/Widget3DPassThrough_Masked.uexp" 503
"../../../Engine/Content/EngineMaterials/STBlueNoise_vec2_128x128x64.uasset" 504
"../../../Engine/Content/EngineMaterials/STBlueNoise_vec2_128x128x64.uexp" 505
"../../../Engine/Content/EngineMaterials/STBlueNoise_scalar_128x128x64.uasset" 506
"../../../Engine/Content/EngineMaterials/STBlueNoise_scalar_128x128x64.uexp" 507
"../../../Engine/Content/EngineMaterials/RemoveSurfaceMaterial.uasset" 508
"../../../Engine/Content/EngineMaterials/RemoveSurfaceMaterial.uexp" 509
"../../../Engine/Content/EngineMaterials/DefaultCalibrationGrayscale.uasset" 510
"../../../Engine/Content/EngineMaterials/DefaultCalibrationGrayscale.uexp" 511
"../../../Engine/Content/EngineMaterials/PPM_DefaultCalibrationGrayscale.uasset" 512
"../../../Engine/Content/EngineMaterials/PPM_DefaultCalibrationGrayscale.uexp" 513
"../../../Engine/Content/EngineMaterials/DefaultCalibrationColor.uasset" 514
"../../../Engine/Content/EngineMaterials/DefaultCalibrationColor.uexp" 515
"../../../Engine/Content/EngineMaterials/PPM_DefaultCalibrationColor.uasset" 516
"../../../Engine/Content/EngineMaterials/PPM_DefaultCalibrationColor.uexp" 517
"../../../Engine/Content/EngineMaterials/PhAT_JointLimitMaterial.uasset" 518
"../../../Engine/Content/EngineMaterials/PhAT_JointLimitMaterial.uexp" 519
"../../../Engine/Content/EngineMaterials/NaniteHiddenSectionMaterial.uasset" 520
"../../../Engine/Content/EngineMaterials/NaniteHiddenSectionMaterial.uexp" 521
"../../../Engine/Content/EngineMaterials/InvalidLightmapSettings.ubulk" 522
"../../../Engine/Content/EngineMaterials/InvalidLightmapSettings.uasset" 523
"../../../Engine/Content/EngineMaterials/InvalidLightmapSettings.uexp" 524
"../../../Engine/Content/EngineMaterials/M_InvalidLightmapSettings.uasset" 525
"../../../Engine/Content/EngineMaterials/M_InvalidLightmapSettings.uexp" 526
"../../../Engine/Content/EngineMaterials/GizmoMaterial.uasset" 527
"../../../Engine/Content/EngineMaterials/GizmoMaterial.uexp" 528
"../../../Engine/Content/EngineMaterials/BaseFlattenEmissiveMap_VT.uasset" 529
"../../../Engine/Content/EngineMaterials/BaseFlattenEmissiveMap_VT.uexp" 530
"../../../Engine/Content/EngineMaterials/BaseFlattenGrayscaleMap_VT.uasset" 531
"../../../Engine/Content/EngineMaterials/BaseFlattenGrayscaleMap_VT.uexp" 532
"../../../Engine/Content/EngineMaterials/BaseFlattenLinearColor_VT.uasset" 533
"../../../Engine/Content/EngineMaterials/BaseFlattenLinearColor_VT.uexp" 534
"../../../Engine/Content/EngineMaterials/Black_1x1_EXR_Texture_VT.uasset" 535
"../../../Engine/Content/EngineMaterials/Black_1x1_EXR_Texture_VT.uexp" 536
"../../../Engine/Content/EngineMaterials/BaseFlattenDiffuseMap_VT.uasset" 537
"../../../Engine/Content/EngineMaterials/BaseFlattenDiffuseMap_VT.uexp" 538
"../../../Engine/Content/EngineMaterials/BaseFlattenNormalMap_VT.uasset" 539
"../../../Engine/Content/EngineMaterials/BaseFlattenNormalMap_VT.uexp" 540
"../../../Engine/Content/EngineMaterials/FlattenMaterial_WS_Normal_VT.uasset" 541
"../../../Engine/Content/EngineMaterials/FlattenMaterial_WS_Normal_VT.uexp" 542
"../../../Engine/Content/EngineMaterials/FlattenMaterial_VT.uasset" 543
"../../../Engine/Content/EngineMaterials/FlattenMaterial_VT.uexp" 544
"../../../Engine/Content/EngineMaterials/BaseFlattenNormalMap.uasset" 545
"../../../Engine/Content/EngineMaterials/BaseFlattenNormalMap.uexp" 546
"../../../Engine/Content/EngineMaterials/BaseFlattenGrayscaleMap.uasset" 547
"../../../Engine/Content/EngineMaterials/BaseFlattenGrayscaleMap.uexp" 548
"../../../Engine/Content/EngineMaterials/BaseFlattenDiffuseMap.uasset" 549
"../../../Engine/Content/EngineMaterials/BaseFlattenDiffuseMap.uexp" 550
"../../../Engine/Content/Functions/Engine_MaterialFunctions02/PivotPainter2/Black_1x1_EXR_Texture.uasset" 551
"../../../Engine/Content/Functions/Engine_MaterialFunctions02/PivotPainter2/Black_1x1_EXR_Texture.uexp" 552
"../../../Engine/Content/EngineMaterials/BaseFlattenEmissiveMap.uasset" 553
"../../../Engine/Content/EngineMaterials/BaseFlattenEmissiveMap.uexp" 554
"../../../Engine/Content/EngineMaterials/BaseFlattenLinearColor.uasset" 555
"../../../Engine/Content/EngineMaterials/BaseFlattenLinearColor.uexp" 556
"../../../Engine/Content/EngineMaterials/FlattenMaterial.uasset" 557
"../../../Engine/Content/EngineMaterials/FlattenMaterial.uexp" 558
"../../../Engine/Content/EngineMaterials/DefaultWhiteGrid_Low.uasset" 559
"../../../Engine/Content/EngineMaterials/DefaultWhiteGrid_Low.uexp" 560
"../../../Engine/Content/EngineMaterials/EmissiveMeshMaterial.uasset" 561
"../../../Engine/Content/EngineMaterials/EmissiveMeshMaterial.uexp" 562
"../../../Engine/Content/EngineFonts/RobotoDistanceField.uasset" 563
"../../../Engine/Content/EngineFonts/RobotoDistanceField.uexp" 564
"../../../Engine/Content/EngineMaterials/DefaultTextMaterialOpaque.uasset" 565
"../../../Engine/Content/EngineMaterials/DefaultTextMaterialOpaque.uexp" 566
"../../../Engine/Content/EngineMaterials/DefaultDiffuse.ubulk" 567
"../../../Engine/Content/EngineMaterials/DefaultDiffuse.uasset" 568
"../../../Engine/Content/EngineMaterials/DefaultDiffuse.uexp" 569
"../../../Engine/Content/Functions/Engine_MaterialFunctions02/Utility/BreakOutFloat2Components.uasset" 570
"../../../Engine/Content/Functions/Engine_MaterialFunctions02/Utility/BreakOutFloat2Components.uexp" 571
"../../../Engine/Content/EngineMaterials/DefaultPostProcessMaterial.uasset" 572
"../../../Engine/Content/EngineMaterials/DefaultPostProcessMaterial.uexp" 573
"../../../Engine/Content/EngineMaterials/DefaultPhysicalMaterial.uasset" 574
"../../../Engine/Content/EngineMaterials/DefaultPhysicalMaterial.uexp" 575
"../../../Engine/Content/EngineMaterials/DefaultLightFunctionMaterial.uasset" 576
"../../../Engine/Content/EngineMaterials/DefaultLightFunctionMaterial.uexp" 577
"../../../Engine/Content/EngineMaterials/DefaultDestructiblePhysicalMaterial.uasset" 578
"../../../Engine/Content/EngineMaterials/DefaultDestructiblePhysicalMaterial.uexp" 579
"../../../Engine/Content/EngineMaterials/DefaultDeferredDecalMaterial.uasset" 580
"../../../Engine/Content/EngineMaterials/DefaultDeferredDecalMaterial.uexp" 581
"../../../Engine/Content/EngineMaterials/DefaultBloomKernel.uasset" 582
"../../../Engine/Content/EngineMaterials/DefaultBloomKernel.uexp" 583
"../../../Engine/Content/EngineDebugMaterials/VolumeToRender.uasset" 584
"../../../Engine/Content/EngineDebugMaterials/VolumeToRender.uexp" 585
"../../../Engine/Content/EngineDebugMaterials/M_VolumeRenderSphereTracePP.uasset" 586
"../../../Engine/Content/EngineDebugMaterials/M_VolumeRenderSphereTracePP.uexp" 587
"../../../Engine/Content/EngineDebugMaterials/M_SimpleUnlitTranslucent.uasset" 588
"../../../Engine/Content/EngineDebugMaterials/M_SimpleUnlitTranslucent.uexp" 589
"../../../Engine/Content/EngineDebugMaterials/DebugMeshMaterial.uasset" 590
"../../../Engine/Content/EngineDebugMaterials/DebugMeshMaterial.uexp" 591
"../../../Engine/Content/EngineDebugMaterials/DebugEditorMaterial.uasset" 592
"../../../Engine/Content/EngineDebugMaterials/DebugEditorMaterial.uexp" 593
"../../../Engine/Content/EngineDamageTypes/DmgTypeBP_Environmental.uasset" 594
"../../../Engine/Content/EngineDamageTypes/DmgTypeBP_Environmental.uexp" 595
"../../../Engine/Content/EditorResources/S_Terrain.ubulk" 596
"../../../Engine/Content/EditorResources/S_Terrain.uasset" 597
"../../../Engine/Content/EditorResources/S_Terrain.uexp" 598
"../../../Engine/Content/EditorResources/EmptyActor.uasset" 599
"../../../Engine/Content/EditorResources/EmptyActor.uexp" 600
"../../../Engine/Content/EditorResources/BSPVertex.uasset" 601
"../../../Engine/Content/EditorResources/BSPVertex.uexp" 602
"../../../Engine/Content/EditorMaterials/PreviewShadowIndicator.ubulk" 603
"../../../Engine/Content/EditorMaterials/PreviewShadowIndicator.uasset" 604
"../../../Engine/Content/EditorMaterials/PreviewShadowIndicator.uexp" 605
"../../../Engine/Content/EditorMaterials/PreviewShadowIndicatorMaterial.uasset" 606
"../../../Engine/Content/EditorMaterials/PreviewShadowIndicatorMaterial.uexp" 607
"../../../Engine/Content/EditorMaterials/PhAT_UnselectedMaterial.uasset" 608
"../../../Engine/Content/EditorMaterials/PhAT_UnselectedMaterial.uexp" 609
"../../../Engine/Content/EditorMaterials/PhAT_NoCollisionMaterial.uasset" 610
"../../../Engine/Content/EditorMaterials/PhAT_NoCollisionMaterial.uexp" 611
"../../../Engine/Content/EditorLandscapeResources/DefaultAlphaTexture.uasset" 612
"../../../Engine/Content/EditorLandscapeResources/DefaultAlphaTexture.uexp" 613
"../../../Engine/Content/EditorLandscapeResources/DataLayer.uasset" 614
"../../../Engine/Content/EditorLandscapeResources/DataLayer.uexp" 615
"../../../Engine/Content/EngineMaterials/DefaultMaterial.uasset" 616
"../../../Engine/Content/EngineMaterials/DefaultMaterial.uexp" 617
"../../../Engine/Content/BasicShapes/Sphere.ubulk" 618
"../../../Engine/Content/BasicShapes/Sphere.uasset" 619
"../../../Engine/Content/BasicShapes/Sphere.uexp" 620
"../../../Engine/Content/BasicShapes/Plane.ubulk" 621
"../../../Engine/Content/BasicShapes/Plane.uasset" 622
"../../../Engine/Content/BasicShapes/Plane.uexp" 623
"../../../Engine/Content/BasicShapes/Cylinder.ubulk" 624
"../../../Engine/Content/BasicShapes/Cylinder.uasset" 625
"../../../Engine/Content/BasicShapes/Cylinder.uexp" 626
"../../../Engine/Content/BasicShapes/Cone.ubulk" 627
"../../../Engine/Content/BasicShapes/Cone.uasset" 628
"../../../Engine/Content/BasicShapes/Cone.uexp" 629
"../../../Engine/Content/BasicShapes/BasicShapeMaterial.uasset" 630
"../../../Engine/Content/BasicShapes/BasicShapeMaterial.uexp" 631
"../../../Engine/Content/Animation/DefaultRecorderBoneCompression.uasset" 632
"../../../Engine/Content/Animation/DefaultRecorderBoneCompression.uexp" 633
"../../../Engine/Content/EngineSounds/Master.uasset" 634
"../../../Engine/Content/EngineSounds/Master.uexp" 635
"../../../Engine/Content/EngineSounds/Normal_Attack.uasset" 636
"../../../Engine/Content/EngineSounds/Normal_Attack.uexp" 637
"../../../Engine/Content/EngineSounds/Duck_Normal_Attack_MixMod.uasset" 638
"../../../Engine/Content/EngineSounds/Duck_Normal_Attack_MixMod.uexp" 639
"../../../Engine/Content/EngineSounds/Special_Attack_PSM.uasset" 640
"../../../Engine/Content/EngineSounds/Special_Attack_PSM.uexp" 641
"../../../Engine/Content/EngineSounds/SFX.uasset" 642
"../../../Engine/Content/EngineSounds/SFX.uexp" 643
"C:/Users/Lukkake/Documents/GitHub/Beat_City/Beat_City/Content/Audio/SFX/NEW_Sungod_SFX/Okay/001_Scene_1_-_Autopsy_Kit.ubulk" 644
"C:/Users/Lukkake/Documents/GitHub/Beat_City/Beat_City/Content/Audio/SFX/NEW_Sungod_SFX/Okay/001_Scene_1_-_Autopsy_Kit.uasset" 645
"C:/Users/Lukkake/Documents/GitHub/Beat_City/Beat_City/Content/Audio/SFX/NEW_Sungod_SFX/Okay/001_Scene_1_-_Autopsy_Kit.uexp" 646
"C:/Users/Lukkake/Documents/GitHub/Beat_City/Beat_City/Content/Audio/SFX/button_press.ubulk" 647
"C:/Users/Lukkake/Documents/GitHub/Beat_City/Beat_City/Content/Audio/SFX/button_press.uasset" 648
"C:/Users/Lukkake/Documents/GitHub/Beat_City/Beat_City/Content/Audio/SFX/button_press.uexp" 649
"C:/Users/Lukkake/Documents/GitHub/Beat_City/Beat_City/Content/Art_Imports/Widget_Images/Title_Screen.uasset" 650
"C:/Users/Lukkake/Documents/GitHub/Beat_City/Beat_City/Content/Art_Imports/Widget_Images/Title_Screen.uexp" 651
"../../../Engine/Content/EngineFonts/Faces/RobotoLight.uexp" 652
"../../../Engine/Content/EngineFonts/Faces/RobotoLight.uasset" 653
"../../../Engine/Content/EngineFonts/Faces/RobotoLight.ufont" 654
"../../../Engine/Content/EngineFonts/Faces/RobotoBold.uexp" 655
"../../../Engine/Content/EngineFonts/Faces/RobotoBold.uasset" 656
"../../../Engine/Content/EngineFonts/Faces/RobotoBold.ufont" 657
"../../../Engine/Content/EngineFonts/Faces/RobotoRegular.uexp" 658
"../../../Engine/Content/EngineFonts/Faces/RobotoRegular.uasset" 659
"../../../Engine/Content/EngineFonts/Faces/RobotoRegular.ufont" 660
"../../../Engine/Content/EngineFonts/Faces/DroidSansFallback.uexp" 661
"../../../Engine/Content/EngineFonts/Faces/DroidSansFallback.uasset" 662
"../../../Engine/Content/EngineFonts/Faces/DroidSansFallback.ufont" 663
"../../../Engine/Content/EngineFonts/Faces/RobotoItalic.uexp" 664
"../../../Engine/Content/EngineFonts/Faces/RobotoItalic.uasset" 665
"../../../Engine/Content/EngineFonts/Faces/RobotoItalic.ufont" 666
"../../../Engine/Content/EngineFonts/Faces/RobotoBoldItalic.uexp" 667
"../../../Engine/Content/EngineFonts/Faces/RobotoBoldItalic.uasset" 668
"../../../Engine/Content/EngineFonts/Faces/RobotoBoldItalic.ufont" 669
"../../../Engine/Content/EngineFonts/Roboto.uasset" 670
"../../../Engine/Content/EngineFonts/Roboto.uexp" 671
"C:/Users/Lukkake/Documents/GitHub/Beat_City/Beat_City/Content/Audio/SFX/button_highlight.ubulk" 672
"C:/Users/Lukkake/Documents/GitHub/Beat_City/Beat_City/Content/Audio/SFX/button_highlight.uasset" 673
"C:/Users/Lukkake/Documents/GitHub/Beat_City/Beat_City/Content/Audio/SFX/button_highlight.uexp" 674
"C:/Users/Lukkake/Documents/GitHub/Beat_City/Beat_City/Content/ThirdPerson/Blueprints/Widgets/WBP_Button.uasset" 675
"C:/Users/Lukkake/Documents/GitHub/Beat_City/Beat_City/Content/ThirdPerson/Blueprints/Widgets/WBP_Button.uexp" 676
"../../../Engine/Content/EngineFonts/Faces/DroidSansMono.uexp" 677
"../../../Engine/Content/EngineFonts/Faces/DroidSansMono.uasset" 678
"../../../Engine/Content/EngineFonts/Faces/DroidSansMono.ufont" 679
"../../../Engine/Content/EngineFonts/DroidSansMono.uasset" 680
"../../../Engine/Content/EngineFonts/DroidSansMono.uexp" 681
"C:/Users/Lukkake/Documents/GitHub/Beat_City/Beat_City/Content/ThirdPerson/Blueprints/Widgets/WBP_GameOverScreen.uasset" 682
"C:/Users/Lukkake/Documents/GitHub/Beat_City/Beat_City/Content/ThirdPerson/Blueprints/Widgets/WBP_GameOverScreen.uexp" 683
"C:/Users/Lukkake/Documents/GitHub/Beat_City/Beat_City/Content/ThirdPerson/Input/Actions/IA_Up.uasset" 684
"C:/Users/Lukkake/Documents/GitHub/Beat_City/Beat_City/Content/ThirdPerson/Input/Actions/IA_Up.uexp" 685
"C:/Users/Lukkake/Documents/GitHub/Beat_City/Beat_City/Content/Audio/SFX/SunGod_SFX/In_Game_Notes/Missed_Note__sample_1_.ubulk" 686
"C:/Users/Lukkake/Documents/GitHub/Beat_City/Beat_City/Content/Audio/SFX/SunGod_SFX/In_Game_Notes/Missed_Note__sample_1_.uasset" 687
"C:/Users/Lukkake/Documents/GitHub/Beat_City/Beat_City/Content/Audio/SFX/SunGod_SFX/In_Game_Notes/Missed_Note__sample_1_.uexp" 688
"C:/Users/Lukkake/Documents/GitHub/Beat_City/Beat_City/Content/ThirdPerson/Blueprints/Widgets/Points_Text.uasset" 689
"C:/Users/Lukkake/Documents/GitHub/Beat_City/Beat_City/Content/ThirdPerson/Blueprints/Widgets/Points_Text.uexp" 690
"C:/Users/Lukkake/Documents/GitHub/Beat_City/Beat_City/Content/Audio/SFX/SunGod_SFX/Pause_Menu/Pause_Menu.ubulk" 691
"C:/Users/Lukkake/Documents/GitHub/Beat_City/Beat_City/Content/Audio/SFX/SunGod_SFX/Pause_Menu/Pause_Menu.uasset" 692
"C:/Users/Lukkake/Documents/GitHub/Beat_City/Beat_City/Content/Audio/SFX/SunGod_SFX/Pause_Menu/Pause_Menu.uexp" 693
"C:/Users/Lukkake/Documents/GitHub/Beat_City/Beat_City/Content/Audio/SFX/SunGod_SFX/Pause_Menu/UnPause_Menu.ubulk" 694
"C:/Users/Lukkake/Documents/GitHub/Beat_City/Beat_City/Content/Audio/SFX/SunGod_SFX/Pause_Menu/UnPause_Menu.uasset" 695
"C:/Users/Lukkake/Documents/GitHub/Beat_City/Beat_City/Content/Audio/SFX/SunGod_SFX/Pause_Menu/UnPause_Menu.uexp" 696
"C:/Users/Lukkake/Documents/GitHub/Beat_City/Beat_City/Content/ThirdPerson/Blueprints/Widgets/Pause_Menu.uasset" 697
"C:/Users/Lukkake/Documents/GitHub/Beat_City/Beat_City/Content/ThirdPerson/Blueprints/Widgets/Pause_Menu.uexp" 698
"../../../Engine/Content/Functions/Engine_MaterialFunctions01/Gradient/LinearGradient.uasset" 699
"../../../Engine/Content/Functions/Engine_MaterialFunctions01/Gradient/LinearGradient.uexp" 700
"../../../Engine/Content/Functions/Engine_MaterialFunctions01/ImageAdjustment/CheapContrast.uasset" 701
"../../../Engine/Content/Functions/Engine_MaterialFunctions01/ImageAdjustment/CheapContrast.uexp" 702
"C:/Users/Lukkake/Documents/GitHub/Beat_City/Beat_City/Content/Art_Imports/Materials/Music_Note_Materials/MusicNote.uasset" 703
"C:/Users/Lukkake/Documents/GitHub/Beat_City/Beat_City/Content/Art_Imports/Materials/Music_Note_Materials/MusicNote.uexp" 704
"C:/Users/Lukkake/Documents/GitHub/Beat_City/Beat_City/Content/Art_Imports/Materials/Music_Note_Materials/Music_Note_Eighth_Double.uasset" 705
"C:/Users/Lukkake/Documents/GitHub/Beat_City/Beat_City/Content/Art_Imports/Materials/Music_Note_Materials/Music_Note_Eighth_Double.uexp" 706
"C:/Users/Lukkake/Documents/GitHub/Beat_City/Beat_City/Content/ThirdPerson/Blueprints/Actors/Music_Notes/Base_Music_Note_Class.uasset" 707
"C:/Users/Lukkake/Documents/GitHub/Beat_City/Beat_City/Content/ThirdPerson/Blueprints/Actors/Music_Notes/Base_Music_Note_Class.uexp" 708
"C:/Users/Lukkake/Documents/GitHub/Beat_City/Beat_City/Content/Art_Imports/Materials/Music_Note_Materials/Music_Note_Sixteenth.uasset" 709
"C:/Users/Lukkake/Documents/GitHub/Beat_City/Beat_City/Content/Art_Imports/Materials/Music_Note_Materials/Music_Note_Sixteenth.uexp" 710
"C:/Users/Lukkake/Documents/GitHub/Beat_City/Beat_City/Content/Art_Imports/Models/Music_Notes/Sixteenth_note.ubulk" 711
"C:/Users/Lukkake/Documents/GitHub/Beat_City/Beat_City/Content/Art_Imports/Models/Music_Notes/Sixteenth_note.uasset" 712
"C:/Users/Lukkake/Documents/GitHub/Beat_City/Beat_City/Content/Art_Imports/Models/Music_Notes/Sixteenth_note.uexp" 713
"C:/Users/Lukkake/Documents/GitHub/Beat_City/Beat_City/Content/ThirdPerson/Blueprints/Actors/Music_Notes/Note_Sixteenth.uasset" 714
"C:/Users/Lukkake/Documents/GitHub/Beat_City/Beat_City/Content/ThirdPerson/Blueprints/Actors/Music_Notes/Note_Sixteenth.uexp" 715
"C:/Users/Lukkake/Documents/GitHub/Beat_City/Beat_City/Content/Art_Imports/Models/Music_Notes/eighth_double_note.ubulk" 716
"C:/Users/Lukkake/Documents/GitHub/Beat_City/Beat_City/Content/Art_Imports/Models/Music_Notes/eighth_double_note.uasset" 717
"C:/Users/Lukkake/Documents/GitHub/Beat_City/Beat_City/Content/Art_Imports/Models/Music_Notes/eighth_double_note.uexp" 718
"C:/Users/Lukkake/Documents/GitHub/Beat_City/Beat_City/Content/Art_Imports/Materials/Mailbox_Materials/Bark.uasset" 719
"C:/Users/Lukkake/Documents/GitHub/Beat_City/Beat_City/Content/Art_Imports/Materials/Mailbox_Materials/Bark.uexp" 720
"C:/Users/Lukkake/Documents/GitHub/Beat_City/Beat_City/Content/SpawnerSystem/objects/assets/barrel.ubulk" 721
"C:/Users/Lukkake/Documents/GitHub/Beat_City/Beat_City/Content/SpawnerSystem/objects/assets/barrel.uasset" 722
"C:/Users/Lukkake/Documents/GitHub/Beat_City/Beat_City/Content/SpawnerSystem/objects/assets/barrel.uexp" 723
"C:/Users/Lukkake/Documents/GitHub/Beat_City/Beat_City/Content/SpawnerSystem/objects/assets/BARRICADE.ubulk" 724
"C:/Users/Lukkake/Documents/GitHub/Beat_City/Beat_City/Content/SpawnerSystem/objects/assets/BARRICADE.uasset" 725
"C:/Users/Lukkake/Documents/GitHub/Beat_City/Beat_City/Content/SpawnerSystem/objects/assets/BARRICADE.uexp" 726
"C:/Users/Lukkake/Documents/GitHub/Beat_City/Beat_City/Content/Art_Imports/Materials/Music_Note_Materials/Music_Note_Flat.uasset" 727
"C:/Users/Lukkake/Documents/GitHub/Beat_City/Beat_City/Content/Art_Imports/Materials/Music_Note_Materials/Music_Note_Flat.uexp" 728
"C:/Users/Lukkake/Documents/GitHub/Beat_City/Beat_City/Content/Art_Imports/Models/Music_Notes/flat_note.ubulk" 729
"C:/Users/Lukkake/Documents/GitHub/Beat_City/Beat_City/Content/Art_Imports/Models/Music_Notes/flat_note.uasset" 730
"C:/Users/Lukkake/Documents/GitHub/Beat_City/Beat_City/Content/Art_Imports/Models/Music_Notes/flat_note.uexp" 731
"C:/Users/Lukkake/Documents/GitHub/Beat_City/Beat_City/Content/Art_Imports/Materials/Music_Note_Materials/Music_Note_Eighth_Single.uasset" 732
"C:/Users/Lukkake/Documents/GitHub/Beat_City/Beat_City/Content/Art_Imports/Materials/Music_Note_Materials/Music_Note_Eighth_Single.uexp" 733
"C:/Users/Lukkake/Documents/GitHub/Beat_City/Beat_City/Content/Art_Imports/Models/Music_Notes/eighth_single_note.ubulk" 734
"C:/Users/Lukkake/Documents/GitHub/Beat_City/Beat_City/Content/Art_Imports/Models/Music_Notes/eighth_single_note.uasset" 735
"C:/Users/Lukkake/Documents/GitHub/Beat_City/Beat_City/Content/Art_Imports/Models/Music_Notes/eighth_single_note.uexp" 736
"C:/Users/Lukkake/Documents/GitHub/Beat_City/Beat_City/Content/Art_Imports/Materials/Niagara_Materials/Glitch_Material.uasset" 737
"C:/Users/Lukkake/Documents/GitHub/Beat_City/Beat_City/Content/Art_Imports/Materials/Niagara_Materials/Glitch_Material.uexp" 738
"C:/Users/Lukkake/Documents/GitHub/Beat_City/Beat_City/Content/LevelPrototyping/Textures/T_GridChecker_A.ubulk" 739
"C:/Users/Lukkake/Documents/GitHub/Beat_City/Beat_City/Content/LevelPrototyping/Textures/T_GridChecker_A.uasset" 740
"C:/Users/Lukkake/Documents/GitHub/Beat_City/Beat_City/Content/LevelPrototyping/Textures/T_GridChecker_A.uexp" 741
"C:/Users/Lukkake/Documents/GitHub/Beat_City/Beat_City/Content/LevelPrototyping/Materials/MF_ProcGrid.uasset" 742
"C:/Users/Lukkake/Documents/GitHub/Beat_City/Beat_City/Content/LevelPrototyping/Materials/MF_ProcGrid.uexp" 743
"C:/Users/Lukkake/Documents/GitHub/Beat_City/Beat_City/Content/LevelPrototyping/Materials/M_PrototypeGrid.uasset" 744
"C:/Users/Lukkake/Documents/GitHub/Beat_City/Beat_City/Content/LevelPrototyping/Materials/M_PrototypeGrid.uexp" 745
"C:/Users/Lukkake/Documents/GitHub/Beat_City/Beat_City/Content/LevelPrototyping/Materials/MI_PrototypeGrid_Gray.uasset" 746
"C:/Users/Lukkake/Documents/GitHub/Beat_City/Beat_City/Content/LevelPrototyping/Materials/MI_PrototypeGrid_Gray.uexp" 747
"C:/Users/Lukkake/Documents/GitHub/Beat_City/Beat_City/Content/LevelPrototyping/Meshes/SM_Cube.ubulk" 748
"C:/Users/Lukkake/Documents/GitHub/Beat_City/Beat_City/Content/LevelPrototyping/Meshes/SM_Cube.uasset" 749
"C:/Users/Lukkake/Documents/GitHub/Beat_City/Beat_City/Content/LevelPrototyping/Meshes/SM_Cube.uexp" 750
"C:/Users/Lukkake/Documents/GitHub/Beat_City/Beat_City/Content/ThirdPerson/Blueprints/Effects/NS_Glitch.uasset" 751
"C:/Users/Lukkake/Documents/GitHub/Beat_City/Beat_City/Content/ThirdPerson/Blueprints/Effects/NS_Glitch.uexp" 752
"C:/Users/Lukkake/Documents/GitHub/Beat_City/Beat_City/Content/SpawnerSystem/objects/spawner.uasset" 753
"C:/Users/Lukkake/Documents/GitHub/Beat_City/Beat_City/Content/SpawnerSystem/objects/spawner.uexp" 754
"C:/Users/Lukkake/Documents/GitHub/Beat_City/Beat_City/Content/Art_Imports/Materials/Cone_Materials/ConeB.uasset" 755
"C:/Users/Lukkake/Documents/GitHub/Beat_City/Beat_City/Content/Art_Imports/Materials/Cone_Materials/ConeB.uexp" 756
"C:/Users/Lukkake/Documents/GitHub/Beat_City/Beat_City/Content/SpawnerSystem/objects/assets/PLANT_OUTDOOR.ubulk" 757
"C:/Users/Lukkake/Documents/GitHub/Beat_City/Beat_City/Content/SpawnerSystem/objects/assets/PLANT_OUTDOOR.uasset" 758
"C:/Users/Lukkake/Documents/GitHub/Beat_City/Beat_City/Content/SpawnerSystem/objects/assets/PLANT_OUTDOOR.uexp" 759
"C:/Users/Lukkake/Documents/GitHub/Beat_City/Beat_City/Content/SpawnerSystem/objects/types.uasset" 760
"C:/Users/Lukkake/Documents/GitHub/Beat_City/Beat_City/Content/SpawnerSystem/objects/types.uexp" 761
"C:/Users/Lukkake/Documents/GitHub/Beat_City/Beat_City/Content/Art_Imports/Materials/Music_Note_Materials/Music_Note_Sharp.uasset" 762
"C:/Users/Lukkake/Documents/GitHub/Beat_City/Beat_City/Content/Art_Imports/Materials/Music_Note_Materials/Music_Note_Sharp.uexp" 763
"C:/Users/Lukkake/Documents/GitHub/Beat_City/Beat_City/Content/Art_Imports/Models/Music_Notes/sharp_note.ubulk" 764
"C:/Users/Lukkake/Documents/GitHub/Beat_City/Beat_City/Content/Art_Imports/Models/Music_Notes/sharp_note.uasset" 765
"C:/Users/Lukkake/Documents/GitHub/Beat_City/Beat_City/Content/Art_Imports/Models/Music_Notes/sharp_note.uexp" 766
"C:/Users/Lukkake/Documents/GitHub/Beat_City/Beat_City/Content/Art_Imports/Materials/Music_Note_Materials/Music_Note_Quarter.uasset" 767
"C:/Users/Lukkake/Documents/GitHub/Beat_City/Beat_City/Content/Art_Imports/Materials/Music_Note_Materials/Music_Note_Quarter.uexp" 768
"C:/Users/Lukkake/Documents/GitHub/Beat_City/Beat_City/Content/Art_Imports/Models/Music_Notes/quarter_note.ubulk" 769
"C:/Users/Lukkake/Documents/GitHub/Beat_City/Beat_City/Content/Art_Imports/Models/Music_Notes/quarter_note.uasset" 770
"C:/Users/Lukkake/Documents/GitHub/Beat_City/Beat_City/Content/Art_Imports/Models/Music_Notes/quarter_note.uexp" 771
"C:/Users/Lukkake/Documents/GitHub/Beat_City/Beat_City/Content/Art_Imports/Materials/Cone_Materials/Cone1.uasset" 772
"C:/Users/Lukkake/Documents/GitHub/Beat_City/Beat_City/Content/Art_Imports/Materials/Cone_Materials/Cone1.uexp" 773
"C:/Users/Lukkake/Documents/GitHub/Beat_City/Beat_City/Content/Art_Imports/Models/Cone.ubulk" 774
"C:/Users/Lukkake/Documents/GitHub/Beat_City/Beat_City/Content/Art_Imports/Models/Cone.uasset" 775
"C:/Users/Lukkake/Documents/GitHub/Beat_City/Beat_City/Content/Art_Imports/Models/Cone.uexp" 776
"C:/Users/Lukkake/Documents/GitHub/Beat_City/Beat_City/Content/Art_Imports/Materials/Trash_Can_Materials/TrashBin_Emissive.uasset" 777
"C:/Users/Lukkake/Documents/GitHub/Beat_City/Beat_City/Content/Art_Imports/Materials/Trash_Can_Materials/TrashBin_Emissive.uexp" 778
"C:/Users/Lukkake/Documents/GitHub/Beat_City/Beat_City/Content/SpawnerSystem/objects/assets/TRASH_CAN.ubulk" 779
"C:/Users/Lukkake/Documents/GitHub/Beat_City/Beat_City/Content/SpawnerSystem/objects/assets/TRASH_CAN.uasset" 780
"C:/Users/Lukkake/Documents/GitHub/Beat_City/Beat_City/Content/SpawnerSystem/objects/assets/TRASH_CAN.uexp" 781
"C:/Users/Lukkake/Documents/GitHub/Beat_City/Beat_City/Content/Art_Imports/Materials/Building_Materials/MF_MaterialGradient.uasset" 782
"C:/Users/Lukkake/Documents/GitHub/Beat_City/Beat_City/Content/Art_Imports/Materials/Building_Materials/MF_MaterialGradient.uexp" 783
"C:/Users/Lukkake/Documents/GitHub/Beat_City/Beat_City/Content/Art_Imports/Materials/Building_Materials/Building_Gradient.uasset" 784
"C:/Users/Lukkake/Documents/GitHub/Beat_City/Beat_City/Content/Art_Imports/Materials/Building_Materials/Building_Gradient.uexp" 785
"C:/Users/Lukkake/Documents/GitHub/Beat_City/Beat_City/Content/Art_Imports/Materials/Building_Materials/Building_Orange_Inst1.uasset" 786
"C:/Users/Lukkake/Documents/GitHub/Beat_City/Beat_City/Content/Art_Imports/Materials/Building_Materials/Building_Orange_Inst1.uexp" 787
"C:/Users/Lukkake/Documents/GitHub/Beat_City/Beat_City/Content/SpawnerSystem/objects/assets/box.ubulk" 788
"C:/Users/Lukkake/Documents/GitHub/Beat_City/Beat_City/Content/SpawnerSystem/objects/assets/box.uasset" 789
"C:/Users/Lukkake/Documents/GitHub/Beat_City/Beat_City/Content/SpawnerSystem/objects/assets/box.uexp" 790
"../../../Engine/Content/EditorBlueprintResources/StandardMacros.uasset" 791
"../../../Engine/Content/EditorBlueprintResources/StandardMacros.uexp" 792
"C:/Users/Lukkake/Documents/GitHub/Beat_City/Beat_City/Content/SpawnerSystem/objects/ObstacleBP.uasset" 793
"C:/Users/Lukkake/Documents/GitHub/Beat_City/Beat_City/Content/SpawnerSystem/objects/ObstacleBP.uexp" 794
"C:/Users/Lukkake/Documents/GitHub/Beat_City/Beat_City/Content/ThirdPerson/Blueprints/Actors/Music_Notes/Note_Eighth_Single.uasset" 795
"C:/Users/Lukkake/Documents/GitHub/Beat_City/Beat_City/Content/ThirdPerson/Blueprints/Actors/Music_Notes/Note_Eighth_Single.uexp" 796
"C:/Users/Lukkake/Documents/GitHub/Beat_City/Beat_City/Content/ThirdPerson/Blueprints/Actors/Music_Notes/Note_Quarter.uasset" 797
"C:/Users/Lukkake/Documents/GitHub/Beat_City/Beat_City/Content/ThirdPerson/Blueprints/Actors/Music_Notes/Note_Quarter.uexp" 798
"C:/Users/Lukkake/Documents/GitHub/Beat_City/Beat_City/Content/ThirdPerson/Blueprints/Actors/Music_Notes/Note_Flat.uasset" 799
"C:/Users/Lukkake/Documents/GitHub/Beat_City/Beat_City/Content/ThirdPerson/Blueprints/Actors/Music_Notes/Note_Flat.uexp" 800
"C:/Users/Lukkake/Documents/GitHub/Beat_City/Beat_City/Content/ThirdPerson/Blueprints/Actors/Music_Notes/Note_Sharp.uasset" 801
"C:/Users/Lukkake/Documents/GitHub/Beat_City/Beat_City/Content/ThirdPerson/Blueprints/Actors/Music_Notes/Note_Sharp.uexp" 802
"C:/Users/Lukkake/Documents/GitHub/Beat_City/Beat_City/Content/ThirdPerson/Blueprints/Actors/Music_Notes/Note_Eighth_Double.uasset" 803
"C:/Users/Lukkake/Documents/GitHub/Beat_City/Beat_City/Content/ThirdPerson/Blueprints/Actors/Music_Notes/Note_Eighth_Double.uexp" 804
"C:/Users/Lukkake/Documents/GitHub/Beat_City/Beat_City/Content/ThirdPerson/Blueprints/Interfaces/BPI_Platform_Generator.uasset" 805
"C:/Users/Lukkake/Documents/GitHub/Beat_City/Beat_City/Content/ThirdPerson/Blueprints/Interfaces/BPI_Platform_Generator.uexp" 806
"C:/Users/Lukkake/Documents/GitHub/Beat_City/Beat_City/Content/ThirdPerson/Blueprints/Actors/Buildings/BP_Buildings.uasset" 807
"C:/Users/Lukkake/Documents/GitHub/Beat_City/Beat_City/Content/ThirdPerson/Blueprints/Actors/Buildings/BP_Buildings.uexp" 808
"C:/Users/Lukkake/Documents/GitHub/Beat_City/Beat_City/Content/Audio/Songs/Coordinated_Retaliation.ubulk" 809
"C:/Users/Lukkake/Documents/GitHub/Beat_City/Beat_City/Content/Audio/Songs/Coordinated_Retaliation.uasset" 810
"C:/Users/Lukkake/Documents/GitHub/Beat_City/Beat_City/Content/Audio/Songs/Coordinated_Retaliation.uexp" 811
"C:/Users/Lukkake/Documents/GitHub/Beat_City/Beat_City/Content/Audio/NRT/NRT_Coordinated_Retaliation.uasset" 812
"C:/Users/Lukkake/Documents/GitHub/Beat_City/Beat_City/Content/Audio/NRT/NRT_Coordinated_Retaliation.uexp" 813
"../../../Engine/Content/EngineSounds/Music.uasset" 814
"../../../Engine/Content/EngineSounds/Music.uexp" 815
"C:/Users/Lukkake/Documents/GitHub/Beat_City/Beat_City/Content/Audio/Songs/Soulless_Procedural_Waveform.ubulk" 816
"C:/Users/Lukkake/Documents/GitHub/Beat_City/Beat_City/Content/Audio/Songs/Soulless_Procedural_Waveform.uasset" 817
"C:/Users/Lukkake/Documents/GitHub/Beat_City/Beat_City/Content/Audio/Songs/Soulless_Procedural_Waveform.uexp" 818
"C:/Users/Lukkake/Documents/GitHub/Beat_City/Beat_City/Content/Audio/NRT/NRT_Soulless_Procedural_Waveform.uasset" 819
"C:/Users/Lukkake/Documents/GitHub/Beat_City/Beat_City/Content/Audio/NRT/NRT_Soulless_Procedural_Waveform.uexp" 820
"C:/Users/Lukkake/Documents/GitHub/Beat_City/Beat_City/Content/Audio/Songs/Lost_Concept_of_Originality.ubulk" 821
"C:/Users/Lukkake/Documents/GitHub/Beat_City/Beat_City/Content/Audio/Songs/Lost_Concept_of_Originality.uasset" 822
"C:/Users/Lukkake/Documents/GitHub/Beat_City/Beat_City/Content/Audio/Songs/Lost_Concept_of_Originality.uexp" 823
"C:/Users/Lukkake/Documents/GitHub/Beat_City/Beat_City/Content/Audio/NRT/NRT_Lost_Concept_of_Originality.uasset" 824
"C:/Users/Lukkake/Documents/GitHub/Beat_City/Beat_City/Content/Audio/NRT/NRT_Lost_Concept_of_Originality.uexp" 825
"C:/Users/Lukkake/Documents/GitHub/Beat_City/Beat_City/Content/Art_Imports/Models/Character/Eve/Eve_Skeleton.uasset" 826
"C:/Users/Lukkake/Documents/GitHub/Beat_City/Beat_City/Content/Art_Imports/Models/Character/Eve/Eve_Skeleton.uexp" 827
"../../../Engine/Content/Animation/DefaultAnimCurveCompressionSettings.uasset" 828
"../../../Engine/Content/Animation/DefaultAnimCurveCompressionSettings.uexp" 829
"../../../Engine/Plugins/Animation/ACLPlugin/Content/ACLAnimBoneCompressionSettings.uasset" 830
"../../../Engine/Plugins/Animation/ACLPlugin/Content/ACLAnimBoneCompressionSettings.uexp" 831
"../../../Engine/Content/Animation/DefaultVariableFrameStrippingSettings.uasset" 832
"../../../Engine/Content/Animation/DefaultVariableFrameStrippingSettings.uexp" 833
"C:/Users/Lukkake/Documents/GitHub/Beat_City/Beat_City/Content/Art_Imports/Models/Character/Eve/Eve_Anim.uasset" 834
"C:/Users/Lukkake/Documents/GitHub/Beat_City/Beat_City/Content/Art_Imports/Models/Character/Eve/Eve_Anim.uexp" 835
"C:/Users/Lukkake/Documents/GitHub/Beat_City/Beat_City/Content/ThirdPerson/Blueprints/Characters/ABP_Eve.uasset" 836
"C:/Users/Lukkake/Documents/GitHub/Beat_City/Beat_City/Content/ThirdPerson/Blueprints/Characters/ABP_Eve.uexp" 837
"C:/Users/Lukkake/Documents/GitHub/Beat_City/Beat_City/Content/Art_Imports/Textures/Character/Eve/Eve_Emissive.ubulk" 838
"C:/Users/Lukkake/Documents/GitHub/Beat_City/Beat_City/Content/Art_Imports/Textures/Character/Eve/Eve_Emissive.uasset" 839
"C:/Users/Lukkake/Documents/GitHub/Beat_City/Beat_City/Content/Art_Imports/Textures/Character/Eve/Eve_Emissive.uexp" 840
"C:/Users/Lukkake/Documents/GitHub/Beat_City/Beat_City/Content/Art_Imports/Textures/Character/Eve/Eve_OcclusionRoughnessMetallic.ubulk" 841
"C:/Users/Lukkake/Documents/GitHub/Beat_City/Beat_City/Content/Art_Imports/Textures/Character/Eve/Eve_OcclusionRoughnessMetallic.uasset" 842
"C:/Users/Lukkake/Documents/GitHub/Beat_City/Beat_City/Content/Art_Imports/Textures/Character/Eve/Eve_OcclusionRoughnessMetallic.uexp" 843
"C:/Users/Lukkake/Documents/GitHub/Beat_City/Beat_City/Content/Art_Imports/Textures/Character/Eve/Eve_BaseColor.ubulk" 844
"C:/Users/Lukkake/Documents/GitHub/Beat_City/Beat_City/Content/Art_Imports/Textures/Character/Eve/Eve_BaseColor.uasset" 845
"C:/Users/Lukkake/Documents/GitHub/Beat_City/Beat_City/Content/Art_Imports/Textures/Character/Eve/Eve_BaseColor.uexp" 846
"C:/Users/Lukkake/Documents/GitHub/Beat_City/Beat_City/Content/Art_Imports/Textures/Character/Eve/Eve_Normal.ubulk" 847
"C:/Users/Lukkake/Documents/GitHub/Beat_City/Beat_City/Content/Art_Imports/Textures/Character/Eve/Eve_Normal.uasset" 848
"C:/Users/Lukkake/Documents/GitHub/Beat_City/Beat_City/Content/Art_Imports/Textures/Character/Eve/Eve_Normal.uexp" 849
"C:/Users/Lukkake/Documents/GitHub/Beat_City/Beat_City/Content/Art_Imports/Materials/Character_Materials/Eve_Material.uasset" 850
"C:/Users/Lukkake/Documents/GitHub/Beat_City/Beat_City/Content/Art_Imports/Materials/Character_Materials/Eve_Material.uexp" 851
"C:/Users/Lukkake/Documents/GitHub/Beat_City/Beat_City/Content/Art_Imports/Models/Character/Eve/Eve_PhysicsAsset.uasset" 852
"C:/Users/Lukkake/Documents/GitHub/Beat_City/Beat_City/Content/Art_Imports/Models/Character/Eve/Eve_PhysicsAsset.uexp" 853
"C:/Users/Lukkake/Documents/GitHub/Beat_City/Beat_City/Content/Art_Imports/Models/Character/Eve/Eve.uasset" 854
"C:/Users/Lukkake/Documents/GitHub/Beat_City/Beat_City/Content/Art_Imports/Models/Character/Eve/Eve.uexp" 855
"C:/Users/Lukkake/Documents/GitHub/Beat_City/Beat_City/Content/ThirdPerson/Blueprints/Characters/BP_Eve.uasset" 856
"C:/Users/Lukkake/Documents/GitHub/Beat_City/Beat_City/Content/ThirdPerson/Blueprints/Characters/BP_Eve.uexp" 857
"C:/Users/Lukkake/Documents/GitHub/Beat_City/Beat_City/Content/Audio/Songs/Algorithmically_Induced_Head_Trauma.ubulk" 858
"C:/Users/Lukkake/Documents/GitHub/Beat_City/Beat_City/Content/Audio/Songs/Algorithmically_Induced_Head_Trauma.uasset" 859
"C:/Users/Lukkake/Documents/GitHub/Beat_City/Beat_City/Content/Audio/Songs/Algorithmically_Induced_Head_Trauma.uexp" 860
"C:/Users/Lukkake/Documents/GitHub/Beat_City/Beat_City/Content/Audio/NRT/NRT_Algorithmically_Induced_Head_Trauma.uasset" 861
"C:/Users/Lukkake/Documents/GitHub/Beat_City/Beat_City/Content/Audio/NRT/NRT_Algorithmically_Induced_Head_Trauma.uexp" 862
"C:/Users/Lukkake/Documents/GitHub/Beat_City/Beat_City/Content/Audio/Songs/Experimental_Artificial_Humanoid_Modification.ubulk" 863
"C:/Users/Lukkake/Documents/GitHub/Beat_City/Beat_City/Content/Audio/Songs/Experimental_Artificial_Humanoid_Modification.uasset" 864
"C:/Users/Lukkake/Documents/GitHub/Beat_City/Beat_City/Content/Audio/Songs/Experimental_Artificial_Humanoid_Modification.uexp" 865
"C:/Users/Lukkake/Documents/GitHub/Beat_City/Beat_City/Content/Audio/NRT/NRT_Experimental_Artificial_Humanoid_Modification.uasset" 866
"C:/Users/Lukkake/Documents/GitHub/Beat_City/Beat_City/Content/Audio/NRT/NRT_Experimental_Artificial_Humanoid_Modification.uexp" 867
"C:/Users/Lukkake/Documents/GitHub/Beat_City/Beat_City/Content/Audio/Songs/IMPENDING_GENERATION_FINALE.ubulk" 868
"C:/Users/Lukkake/Documents/GitHub/Beat_City/Beat_City/Content/Audio/Songs/IMPENDING_GENERATION_FINALE.uasset" 869
"C:/Users/Lukkake/Documents/GitHub/Beat_City/Beat_City/Content/Audio/Songs/IMPENDING_GENERATION_FINALE.uexp" 870
"C:/Users/Lukkake/Documents/GitHub/Beat_City/Beat_City/Content/Audio/NRT/NRT_Impending_Generation_Finale.uasset" 871
"C:/Users/Lukkake/Documents/GitHub/Beat_City/Beat_City/Content/Audio/NRT/NRT_Impending_Generation_Finale.uexp" 872
"C:/Users/Lukkake/Documents/GitHub/Beat_City/Beat_City/Content/Levels/SongGameInstance.uasset" 873
"C:/Users/Lukkake/Documents/GitHub/Beat_City/Beat_City/Content/Levels/SongGameInstance.uexp" 874
"C:/Users/Lukkake/Documents/GitHub/Beat_City/Beat_City/Content/Art_Imports/Materials/Hightlight_Lane_Materials/LaneArrowMaterial.uasset" 875
"C:/Users/Lukkake/Documents/GitHub/Beat_City/Beat_City/Content/Art_Imports/Materials/Hightlight_Lane_Materials/LaneArrowMaterial.uexp" 876
"C:/Users/Lukkake/Documents/GitHub/Beat_City/Beat_City/Content/Art_Imports/Materials/Hightlight_Lane_Materials/Divider.uasset" 877
"C:/Users/Lukkake/Documents/GitHub/Beat_City/Beat_City/Content/Art_Imports/Materials/Hightlight_Lane_Materials/Divider.uexp" 878
"C:/Users/Lukkake/Documents/GitHub/Beat_City/Beat_City/Content/Art_Imports/Models/lane_highlight_Surface.ubulk" 879
"C:/Users/Lukkake/Documents/GitHub/Beat_City/Beat_City/Content/Art_Imports/Models/lane_highlight_Surface.uasset" 880
"C:/Users/Lukkake/Documents/GitHub/Beat_City/Beat_City/Content/Art_Imports/Models/lane_highlight_Surface.uexp" 881
"../../../Engine/Content/EngineMaterials/BlendFunc_DefBlend.uasset" 882
"../../../Engine/Content/EngineMaterials/BlendFunc_DefBlend.uexp" 883
"../../../Engine/Plugins/Bridge/Content/MSPresets/M_MS_SurfaceBlend_Material/LayerFunctions/Middle/MF_MiddleLayerAdjustments.uasset" 884
"../../../Engine/Plugins/Bridge/Content/MSPresets/M_MS_SurfaceBlend_Material/LayerFunctions/Middle/MF_MiddleLayerAdjustments.uexp" 885
"../../../Engine/Content/Functions/Engine_MaterialFunctions02/Texturing/CustomRotator.uasset" 886
"../../../Engine/Content/Functions/Engine_MaterialFunctions02/Texturing/CustomRotator.uexp" 887
"../../../Engine/Plugins/Bridge/Content/MSPresets/M_MS_SurfaceBlend_Material/LayerFunctions/MF_NormalCorrection.uasset" 888
"../../../Engine/Plugins/Bridge/Content/MSPresets/M_MS_SurfaceBlend_Material/LayerFunctions/MF_NormalCorrection.uexp" 889
"../../../Engine/Plugins/Bridge/Content/MSPresets/MSTextures/WhitePlaceholder.uasset" 890
"../../../Engine/Plugins/Bridge/Content/MSPresets/MSTextures/WhitePlaceholder.uexp" 891
"../../../Engine/Content/EngineMaterials/DefaultNormal.ubulk" 892
"../../../Engine/Content/EngineMaterials/DefaultNormal.uasset" 893
"../../../Engine/Content/EngineMaterials/DefaultNormal.uexp" 894
"../../../Engine/Plugins/Bridge/Content/MSPresets/M_MS_SurfaceBlend_Material/LayerFunctions/Top/MF_TopLayerTextures.uasset" 895
"../../../Engine/Plugins/Bridge/Content/MSPresets/M_MS_SurfaceBlend_Material/LayerFunctions/Top/MF_TopLayerTextures.uexp" 896
"../../../Engine/Content/Engine_MI_Shaders/T_Base_Tile_Normal.ubulk" 897
"../../../Engine/Content/Engine_MI_Shaders/T_Base_Tile_Normal.uasset" 898
"../../../Engine/Content/Engine_MI_Shaders/T_Base_Tile_Normal.uexp" 899
"../../../Engine/Content/Functions/Engine_MaterialFunctions03/ComplexMotion/Motion_4WayChaos_Normal.uasset" 900
"../../../Engine/Content/Functions/Engine_MaterialFunctions03/ComplexMotion/Motion_4WayChaos_Normal.uexp" 901
"../../../Engine/Plugins/Bridge/Content/MSPresets/M_MS_SurfaceBlend_Material/LayerFunctions/Puddle/MF_PuddleLayer.uasset" 902
"../../../Engine/Plugins/Bridge/Content/MSPresets/M_MS_SurfaceBlend_Material/LayerFunctions/Puddle/MF_PuddleLayer.uexp" 903
"../../../Engine/Plugins/Bridge/Content/MSPresets/M_MS_SurfaceBlend_Material/LayerFunctions/Base/MF_BaseLayerAdjustments.uasset" 904
"../../../Engine/Plugins/Bridge/Content/MSPresets/M_MS_SurfaceBlend_Material/LayerFunctions/Base/MF_BaseLayerAdjustments.uexp" 905
"../../../Engine/Content/EngineMaterials/BlendFunc_DefBase.uasset" 906
"../../../Engine/Content/EngineMaterials/BlendFunc_DefBase.uexp" 907
"../../../Engine/Plugins/Bridge/Content/MSPresets/M_MS_SurfaceBlend_Material/LayerFunctions/Middle/MF_MiddleLayerTextures.uasset" 908
"../../../Engine/Plugins/Bridge/Content/MSPresets/M_MS_SurfaceBlend_Material/LayerFunctions/Middle/MF_MiddleLayerTextures.uexp" 909
"../../../Engine/Content/EngineMaterials/DefaultDiffuse_TC_Masks.ubulk" 910
"../../../Engine/Content/EngineMaterials/DefaultDiffuse_TC_Masks.uasset" 911
"../../../Engine/Content/EngineMaterials/DefaultDiffuse_TC_Masks.uexp" 912
"../../../Engine/Content/Functions/Engine_MaterialFunctions03/Blends/Blend_ColorBurn.uasset" 913
"../../../Engine/Content/Functions/Engine_MaterialFunctions03/Blends/Blend_ColorBurn.uexp" 914
"../../../Engine/Content/Functions/Engine_MaterialFunctions03/Blends/Blend_Lighten.uasset" 915
"../../../Engine/Content/Functions/Engine_MaterialFunctions03/Blends/Blend_Lighten.uexp" 916
"C:/Users/Lukkake/Documents/GitHub/Beat_City/Beat_City/Content/Art_Imports/Materials/Road_Materials/Sidewalk_BaseLayerTexture_MF1.uasset" 917
"C:/Users/Lukkake/Documents/GitHub/Beat_City/Beat_City/Content/Art_Imports/Materials/Road_Materials/Sidewalk_BaseLayerTexture_MF1.uexp" 918
"../../../Engine/Plugins/Bridge/Content/MSPresets/M_MS_SurfaceBlend_Material/LayerFunctions/MF_MaterialBlend.uasset" 919
"../../../Engine/Plugins/Bridge/Content/MSPresets/M_MS_SurfaceBlend_Material/LayerFunctions/MF_MaterialBlend.uexp" 920
"../../../Engine/Plugins/Bridge/Content/MSPresets/MSTextures/BlackPlaceholder.uasset" 921
"../../../Engine/Plugins/Bridge/Content/MSPresets/MSTextures/BlackPlaceholder.uexp" 922
"../../../Engine/Plugins/Bridge/Content/MSPresets/M_MS_SurfaceBlend_Material/LayerFunctions/MF_ScatterLayer.uasset" 923
"../../../Engine/Plugins/Bridge/Content/MSPresets/M_MS_SurfaceBlend_Material/LayerFunctions/MF_ScatterLayer.uexp" 924
"../../../Engine/Plugins/Bridge/Content/MSPresets/M_MS_SurfaceBlend_Material/LayerFunctions/MF_BlendScatter.uasset" 925
"../../../Engine/Plugins/Bridge/Content/MSPresets/M_MS_SurfaceBlend_Material/LayerFunctions/MF_BlendScatter.uexp" 926
"../../../Engine/Plugins/Bridge/Content/MSPresets/M_MS_SurfaceBlend_Material/LayerFunctions/Top/MF_TopLayerAdjustments.uasset" 927
"../../../Engine/Plugins/Bridge/Content/MSPresets/M_MS_SurfaceBlend_Material/LayerFunctions/Top/MF_TopLayerAdjustments.uexp" 928
"C:/Users/Lukkake/Documents/GitHub/Beat_City/Beat_City/Content/Art_Imports/Materials/Road_Materials/Wet_Sidewalk_Material1.uasset" 929
"C:/Users/Lukkake/Documents/GitHub/Beat_City/Beat_City/Content/Art_Imports/Materials/Road_Materials/Wet_Sidewalk_Material1.uexp" 930
"C:/Users/Lukkake/Documents/GitHub/Beat_City/Beat_City/Content/Art_Imports/Models/plainSidewalk.ubulk" 931
"C:/Users/Lukkake/Documents/GitHub/Beat_City/Beat_City/Content/Art_Imports/Models/plainSidewalk.uasset" 932
"C:/Users/Lukkake/Documents/GitHub/Beat_City/Beat_City/Content/Art_Imports/Models/plainSidewalk.uexp" 933
"C:/Users/Lukkake/Documents/GitHub/Beat_City/Beat_City/Content/Art_Imports/Materials/Road_Materials/YellowStripe_001.uasset" 934
"C:/Users/Lukkake/Documents/GitHub/Beat_City/Beat_City/Content/Art_Imports/Materials/Road_Materials/YellowStripe_001.uexp" 935
"C:/Users/Lukkake/Documents/GitHub/Beat_City/Beat_City/Content/Art_Imports/Materials/Road_Materials/SideWalk.uasset" 936
"C:/Users/Lukkake/Documents/GitHub/Beat_City/Beat_City/Content/Art_Imports/Materials/Road_Materials/SideWalk.uexp" 937
"C:/Users/Lukkake/Documents/GitHub/Beat_City/Beat_City/Content/Art_Imports/Materials/Road_Materials/Street_BaseLayerTexture_MF.uasset" 938
"C:/Users/Lukkake/Documents/GitHub/Beat_City/Beat_City/Content/Art_Imports/Materials/Road_Materials/Street_BaseLayerTexture_MF.uexp" 939
"C:/Users/Lukkake/Documents/GitHub/Beat_City/Beat_City/Content/Art_Imports/Materials/Road_Materials/Wet_Street_Material.uasset" 940
"C:/Users/Lukkake/Documents/GitHub/Beat_City/Beat_City/Content/Art_Imports/Materials/Road_Materials/Wet_Street_Material.uexp" 941
"C:/Users/Lukkake/Documents/GitHub/Beat_City/Beat_City/Content/Art_Imports/Models/Road.ubulk" 942
"C:/Users/Lukkake/Documents/GitHub/Beat_City/Beat_City/Content/Art_Imports/Models/Road.uasset" 943
"C:/Users/Lukkake/Documents/GitHub/Beat_City/Beat_City/Content/Art_Imports/Models/Road.uexp" 944
"C:/Users/Lukkake/Documents/GitHub/Beat_City/Beat_City/Content/ThirdPerson/Blueprints/Actors/Street_Music_Bar_Platform.uasset" 945
"C:/Users/Lukkake/Documents/GitHub/Beat_City/Beat_City/Content/ThirdPerson/Blueprints/Actors/Street_Music_Bar_Platform.uexp" 946
"C:/Users/Lukkake/Documents/GitHub/Beat_City/Beat_City/Content/ThirdPerson/Blueprints/Actors/Street_PlatformGenerator.uasset" 947
"C:/Users/Lukkake/Documents/GitHub/Beat_City/Beat_City/Content/ThirdPerson/Blueprints/Actors/Street_PlatformGenerator.uexp" 948
"C:/Users/Lukkake/Documents/GitHub/Beat_City/Beat_City/Content/ThirdPerson/Input/Actions/IA_Jump.uasset" 949
"C:/Users/Lukkake/Documents/GitHub/Beat_City/Beat_City/Content/ThirdPerson/Input/Actions/IA_Jump.uexp" 950
"C:/Users/Lukkake/Documents/GitHub/Beat_City/Beat_City/Content/ThirdPerson/Input/Actions/IA_Down.uasset" 951
"C:/Users/Lukkake/Documents/GitHub/Beat_City/Beat_City/Content/ThirdPerson/Input/Actions/IA_Down.uexp" 952
"C:/Users/Lukkake/Documents/GitHub/Beat_City/Beat_City/Content/ThirdPerson/Input/Actions/IA_Look.uasset" 953
"C:/Users/Lukkake/Documents/GitHub/Beat_City/Beat_City/Content/ThirdPerson/Input/Actions/IA_Look.uexp" 954
"C:/Users/Lukkake/Documents/GitHub/Beat_City/Beat_City/Content/ThirdPerson/Input/Actions/IA_Left.uasset" 955
"C:/Users/Lukkake/Documents/GitHub/Beat_City/Beat_City/Content/ThirdPerson/Input/Actions/IA_Left.uexp" 956
"C:/Users/Lukkake/Documents/GitHub/Beat_City/Beat_City/Content/ThirdPerson/Input/Actions/IA_Move.uasset" 957
"C:/Users/Lukkake/Documents/GitHub/Beat_City/Beat_City/Content/ThirdPerson/Input/Actions/IA_Move.uexp" 958
"C:/Users/Lukkake/Documents/GitHub/Beat_City/Beat_City/Content/ThirdPerson/Input/Actions/IA_Right.uasset" 959
"C:/Users/Lukkake/Documents/GitHub/Beat_City/Beat_City/Content/ThirdPerson/Input/Actions/IA_Right.uexp" 960
"C:/Users/Lukkake/Documents/GitHub/Beat_City/Beat_City/Content/ThirdPerson/Input/Actions/IA_Pause.uasset" 961
"C:/Users/Lukkake/Documents/GitHub/Beat_City/Beat_City/Content/ThirdPerson/Input/Actions/IA_Pause.uexp" 962
"C:/Users/Lukkake/Documents/GitHub/Beat_City/Beat_City/Content/ThirdPerson/Input/IMC_Default.uasset" 963
"C:/Users/Lukkake/Documents/GitHub/Beat_City/Beat_City/Content/ThirdPerson/Input/IMC_Default.uexp" 964
"C:/Users/Lukkake/Documents/GitHub/Beat_City/Beat_City/Content/Audio/SFX/NEW_Sungod_SFX/Miss_1/001_Scene_1_-_Group_A1.ubulk" 965
"C:/Users/Lukkake/Documents/GitHub/Beat_City/Beat_City/Content/Audio/SFX/NEW_Sungod_SFX/Miss_1/001_Scene_1_-_Group_A1.uasset" 966
"C:/Users/Lukkake/Documents/GitHub/Beat_City/Beat_City/Content/Audio/SFX/NEW_Sungod_SFX/Miss_1/001_Scene_1_-_Group_A1.uexp" 967
"C:/Users/Lukkake/Documents/GitHub/Beat_City/Beat_City/Content/Art_Imports/Materials/Hightlight_Lane_Materials/LaneArrowMI.uasset" 968
"C:/Users/Lukkake/Documents/GitHub/Beat_City/Beat_City/Content/Art_Imports/Materials/Hightlight_Lane_Materials/LaneArrowMI.uexp" 969
"C:/Users/Lukkake/Documents/GitHub/Beat_City/Beat_City/Content/Art_Imports/Models/lane_highlight_arrow.ubulk" 970
"C:/Users/Lukkake/Documents/GitHub/Beat_City/Beat_City/Content/Art_Imports/Models/lane_highlight_arrow.uasset" 971
"C:/Users/Lukkake/Documents/GitHub/Beat_City/Beat_City/Content/Art_Imports/Models/lane_highlight_arrow.uexp" 972
"C:/Users/Lukkake/Documents/GitHub/Beat_City/Beat_City/Content/ThirdPerson/Blueprints/Actors/Highlight_Lane.uasset" 973
"C:/Users/Lukkake/Documents/GitHub/Beat_City/Beat_City/Content/ThirdPerson/Blueprints/Actors/Highlight_Lane.uexp" 974
"C:/Users/Lukkake/Documents/GitHub/Beat_City/Beat_City/Content/Audio/SFX/NEW_Sungod_SFX/Perfect/001_Scene_1_-_Group_E1.ubulk" 975
"C:/Users/Lukkake/Documents/GitHub/Beat_City/Beat_City/Content/Audio/SFX/NEW_Sungod_SFX/Perfect/001_Scene_1_-_Group_E1.uasset" 976
"C:/Users/Lukkake/Documents/GitHub/Beat_City/Beat_City/Content/Audio/SFX/NEW_Sungod_SFX/Perfect/001_Scene_1_-_Group_E1.uexp" 977
"C:/Users/Lukkake/Documents/GitHub/Beat_City/Beat_City/Content/Art_Imports/Models/Character/BC_Character_NEW_Skeleton.uasset" 978
"C:/Users/Lukkake/Documents/GitHub/Beat_City/Beat_City/Content/Art_Imports/Models/Character/BC_Character_NEW_Skeleton.uexp" 979
"C:/Users/Lukkake/Documents/GitHub/Beat_City/Beat_City/Content/Art_Imports/Models/Character/BC_Character_NEW_Anim.uasset" 980
"C:/Users/Lukkake/Documents/GitHub/Beat_City/Beat_City/Content/Art_Imports/Models/Character/BC_Character_NEW_Anim.uexp" 981
"C:/Users/Lukkake/Documents/GitHub/Beat_City/Beat_City/Content/ThirdPerson/Blueprints/Characters/ABP_Character.uasset" 982
"C:/Users/Lukkake/Documents/GitHub/Beat_City/Beat_City/Content/ThirdPerson/Blueprints/Characters/ABP_Character.uexp" 983
"C:/Users/Lukkake/Documents/GitHub/Beat_City/Beat_City/Content/Audio/SFX/SunGod_SFX/In_Game_Notes/End_of_game__Lose_.ubulk" 984
"C:/Users/Lukkake/Documents/GitHub/Beat_City/Beat_City/Content/Audio/SFX/SunGod_SFX/In_Game_Notes/End_of_game__Lose_.uasset" 985
"C:/Users/Lukkake/Documents/GitHub/Beat_City/Beat_City/Content/Audio/SFX/SunGod_SFX/In_Game_Notes/End_of_game__Lose_.uexp" 986
"C:/Users/Lukkake/Documents/GitHub/Beat_City/Beat_City/Content/ThirdPerson/Blueprints/Widgets/Lose_Menu.uasset" 987
"C:/Users/Lukkake/Documents/GitHub/Beat_City/Beat_City/Content/ThirdPerson/Blueprints/Widgets/Lose_Menu.uexp" 988
"C:/Users/Lukkake/Documents/GitHub/Beat_City/Beat_City/Content/Audio/SFX/NEW_Sungod_SFX/Great/001_Scene_2_-_Autopsy_Kit.ubulk" 989
"C:/Users/Lukkake/Documents/GitHub/Beat_City/Beat_City/Content/Audio/SFX/NEW_Sungod_SFX/Great/001_Scene_2_-_Autopsy_Kit.uasset" 990
"C:/Users/Lukkake/Documents/GitHub/Beat_City/Beat_City/Content/Audio/SFX/NEW_Sungod_SFX/Great/001_Scene_2_-_Autopsy_Kit.uexp" 991
"C:/Users/Lukkake/Documents/GitHub/Beat_City/Beat_City/Content/Art_Imports/Textures/UI/resource-bar.uasset" 992
"C:/Users/Lukkake/Documents/GitHub/Beat_City/Beat_City/Content/Art_Imports/Textures/UI/resource-bar.uexp" 993
"C:/Users/Lukkake/Documents/GitHub/Beat_City/Beat_City/Content/Art_Imports/Textures/UI/health.uasset" 994
"C:/Users/Lukkake/Documents/GitHub/Beat_City/Beat_City/Content/Art_Imports/Textures/UI/health.uexp" 995
"C:/Users/Lukkake/Documents/GitHub/Beat_City/Beat_City/Content/ThirdPerson/Blueprints/Widgets/WBP_ResourceBar.uasset" 996
"C:/Users/Lukkake/Documents/GitHub/Beat_City/Beat_City/Content/ThirdPerson/Blueprints/Widgets/WBP_ResourceBar.uexp" 997
"C:/Users/Lukkake/Documents/GitHub/Beat_City/Beat_City/Content/Audio/SFX/SunGod_SFX/In_Game_Notes/loses_health.ubulk" 998
"C:/Users/Lukkake/Documents/GitHub/Beat_City/Beat_City/Content/Audio/SFX/SunGod_SFX/In_Game_Notes/loses_health.uasset" 999
"C:/Users/Lukkake/Documents/GitHub/Beat_City/Beat_City/Content/Audio/SFX/SunGod_SFX/In_Game_Notes/loses_health.uexp" 1000
"C:/Users/Lukkake/Documents/GitHub/Beat_City/Beat_City/Content/ThirdPerson/Blueprints/Widgets/Player_UI.uasset" 1001
"C:/Users/Lukkake/Documents/GitHub/Beat_City/Beat_City/Content/ThirdPerson/Blueprints/Widgets/Player_UI.uexp" 1002
"C:/Users/Lukkake/Documents/GitHub/Beat_City/Beat_City/Content/ThirdPerson/Blueprints/Enums/Player_Z_Choice.uasset" 1003
"C:/Users/Lukkake/Documents/GitHub/Beat_City/Beat_City/Content/ThirdPerson/Blueprints/Enums/Player_Z_Choice.uexp" 1004
"../../../Engine/Plugins/FX/Niagara/Content/VectorFields/Assets/TilingCurl32.uasset" 1005
"../../../Engine/Plugins/FX/Niagara/Content/VectorFields/Assets/TilingCurl32.uexp" 1006
"C:/Users/Lukkake/Documents/GitHub/Beat_City/Beat_City/Content/Art_Imports/Materials/Niagara_Materials/SoundWave_Material.uasset" 1007
"C:/Users/Lukkake/Documents/GitHub/Beat_City/Beat_City/Content/Art_Imports/Materials/Niagara_Materials/SoundWave_Material.uexp" 1008
"C:/Users/Lukkake/Documents/GitHub/Beat_City/Beat_City/Content/Art_Imports/Materials/Niagara_Materials/SoundWave_Material_Inst.uasset" 1009
"C:/Users/Lukkake/Documents/GitHub/Beat_City/Beat_City/Content/Art_Imports/Materials/Niagara_Materials/SoundWave_Material_Inst.uexp" 1010
"C:/Users/Lukkake/Documents/GitHub/Beat_City/Beat_City/Content/ThirdPerson/Blueprints/Effects/NS_PlayerSoundWave.uasset" 1011
"C:/Users/Lukkake/Documents/GitHub/Beat_City/Beat_City/Content/ThirdPerson/Blueprints/Effects/NS_PlayerSoundWave.uexp" 1012
"C:/Users/Lukkake/Documents/GitHub/Beat_City/Beat_City/Content/Art_Imports/Models/Character/BC_Character_NEW_PhysicsAsset.uasset" 1013
"C:/Users/Lukkake/Documents/GitHub/Beat_City/Beat_City/Content/Art_Imports/Models/Character/BC_Character_NEW_PhysicsAsset.uexp" 1014
"C:/Users/Lukkake/Documents/GitHub/Beat_City/Beat_City/Content/Art_Imports/Textures/Character/CharacterExport_initialShadingGroup_Normal.ubulk" 1015
"C:/Users/Lukkake/Documents/GitHub/Beat_City/Beat_City/Content/Art_Imports/Textures/Character/CharacterExport_initialShadingGroup_Normal.uasset" 1016
"C:/Users/Lukkake/Documents/GitHub/Beat_City/Beat_City/Content/Art_Imports/Textures/Character/CharacterExport_initialShadingGroup_Normal.uexp" 1017
"C:/Users/Lukkake/Documents/GitHub/Beat_City/Beat_City/Content/Art_Imports/Textures/Character/CharacterExport_initialShadingGroup_BaseColor.ubulk" 1018
"C:/Users/Lukkake/Documents/GitHub/Beat_City/Beat_City/Content/Art_Imports/Textures/Character/CharacterExport_initialShadingGroup_BaseColor.uasset" 1019
"C:/Users/Lukkake/Documents/GitHub/Beat_City/Beat_City/Content/Art_Imports/Textures/Character/CharacterExport_initialShadingGroup_BaseColor.uexp" 1020
"C:/Users/Lukkake/Documents/GitHub/Beat_City/Beat_City/Content/Art_Imports/Textures/Character/CharacterExport_initialShadingGroup_OcclusionRoughnessMetallic.ubulk" 1021
"C:/Users/Lukkake/Documents/GitHub/Beat_City/Beat_City/Content/Art_Imports/Textures/Character/CharacterExport_initialShadingGroup_OcclusionRoughnessMetallic.uasset" 1022
"C:/Users/Lukkake/Documents/GitHub/Beat_City/Beat_City/Content/Art_Imports/Textures/Character/CharacterExport_initialShadingGroup_OcclusionRoughnessMetallic.uexp" 1023
"C:/Users/Lukkake/Documents/GitHub/Beat_City/Beat_City/Content/Art_Imports/Textures/Character/CharacterExport_initialShadingGroup_Emissive.ubulk" 1024
"C:/Users/Lukkake/Documents/GitHub/Beat_City/Beat_City/Content/Art_Imports/Textures/Character/CharacterExport_initialShadingGroup_Emissive.uasset" 1025
"C:/Users/Lukkake/Documents/GitHub/Beat_City/Beat_City/Content/Art_Imports/Textures/Character/CharacterExport_initialShadingGroup_Emissive.uexp" 1026
"C:/Users/Lukkake/Documents/GitHub/Beat_City/Beat_City/Content/Art_Imports/Materials/Character_Materials/Character_Material.uasset" 1027
"C:/Users/Lukkake/Documents/GitHub/Beat_City/Beat_City/Content/Art_Imports/Materials/Character_Materials/Character_Material.uexp" 1028
"../../../Engine/Plugins/Experimental/MeshModelingToolsetExp/Content/Textures/DefaultEmissive.uasset" 1029
"../../../Engine/Plugins/Experimental/MeshModelingToolsetExp/Content/Textures/DefaultEmissive.uexp" 1030
"../../../Engine/Plugins/Experimental/MeshModelingToolsetExp/Content/Textures/DefaultTexture.ubulk" 1031
"../../../Engine/Plugins/Experimental/MeshModelingToolsetExp/Content/Textures/DefaultTexture.uasset" 1032
"../../../Engine/Plugins/Experimental/MeshModelingToolsetExp/Content/Textures/DefaultTexture.uexp" 1033
"../../../Engine/Plugins/Experimental/MeshModelingToolsetExp/Content/Textures/DefaultNormal.ubulk" 1034
"../../../Engine/Plugins/Experimental/MeshModelingToolsetExp/Content/Textures/DefaultNormal.uasset" 1035
"../../../Engine/Plugins/Experimental/MeshModelingToolsetExp/Content/Textures/DefaultNormal.uexp" 1036
"../../../Engine/Plugins/Experimental/MeshModelingToolsetExp/Content/Materials/FullMaterialBakeOutputMaterial_PackedMRS.uasset" 1037
"../../../Engine/Plugins/Experimental/MeshModelingToolsetExp/Content/Materials/FullMaterialBakeOutputMaterial_PackedMRS.uexp" 1038
"C:/Users/Lukkake/Documents/GitHub/Beat_City/Beat_City/Content/Art_Imports/Models/Character/BC_Character_NEW.uasset" 1039
"C:/Users/Lukkake/Documents/GitHub/Beat_City/Beat_City/Content/Art_Imports/Models/Character/BC_Character_NEW.uexp" 1040
"C:/Users/Lukkake/Documents/GitHub/Beat_City/Beat_City/Content/ThirdPerson/Blueprints/Characters/BP_Player_Character.uasset" 1041
"C:/Users/Lukkake/Documents/GitHub/Beat_City/Beat_City/Content/ThirdPerson/Blueprints/Characters/BP_Player_Character.uexp" 1042
"C:/Users/Lukkake/Documents/GitHub/Beat_City/Beat_City/Content/ThirdPerson/Blueprints/Characters/BP_Adam.uasset" 1043
"C:/Users/Lukkake/Documents/GitHub/Beat_City/Beat_City/Content/ThirdPerson/Blueprints/Characters/BP_Adam.uexp" 1044
"C:/Users/Lukkake/Documents/GitHub/Beat_City/Beat_City/Content/ThirdPerson/Blueprints/BP_ThirdPersonGameMode.uasset" 1045
"C:/Users/Lukkake/Documents/GitHub/Beat_City/Beat_City/Content/ThirdPerson/Blueprints/BP_ThirdPersonGameMode.uexp" 1046
"../../../Engine/Plugins/Interchange/Runtime/Content/gltf/MaterialFunctions/MF_RotateV2.uasset" 1047
"../../../Engine/Plugins/Interchange/Runtime/Content/gltf/MaterialFunctions/MF_RotateV2.uexp" 1048
"../../../Engine/Plugins/Interchange/Runtime/Content/gltf/MaterialFunctions/MF_TransformUVs.uasset" 1049
"../../../Engine/Plugins/Interchange/Runtime/Content/gltf/MaterialFunctions/MF_TransformUVs.uexp" 1050
"../../../Engine/Plugins/Interchange/Runtime/Content/gltf/Textures/T_White_srgb.uasset" 1051
"../../../Engine/Plugins/Interchange/Runtime/Content/gltf/Textures/T_White_srgb.uexp" 1052
"../../../Engine/Plugins/Interchange/Runtime/Content/gltf/MaterialFunctions/MF_BaseColor.uasset" 1053
"../../../Engine/Plugins/Interchange/Runtime/Content/gltf/MaterialFunctions/MF_BaseColor.uexp" 1054
"../../../Engine/Plugins/Interchange/Runtime/Content/gltf/MaterialBodies/MF_Unlit_Body.uasset" 1055
"../../../Engine/Plugins/Interchange/Runtime/Content/gltf/MaterialBodies/MF_Unlit_Body.uexp" 1056
"../../../Engine/Plugins/Interchange/Runtime/Content/gltf/M_Unlit.uasset" 1057
"../../../Engine/Plugins/Interchange/Runtime/Content/gltf/M_Unlit.uexp" 1058
"../../../Engine/Plugins/Interchange/Runtime/Content/gltf/MaterialInstances/MI_Unlit_Opaque_DS.uasset" 1059
"../../../Engine/Plugins/Interchange/Runtime/Content/gltf/MaterialInstances/MI_Unlit_Opaque_DS.uexp" 1060
"../../../Engine/Plugins/Interchange/Runtime/Content/gltf/MaterialInstances/MI_Unlit_Opaque.uasset" 1061
"../../../Engine/Plugins/Interchange/Runtime/Content/gltf/MaterialInstances/MI_Unlit_Opaque.uexp" 1062
"../../../Engine/Plugins/Interchange/Runtime/Content/gltf/MaterialInstances/MI_Unlit_Mask_DS.uasset" 1063
"../../../Engine/Plugins/Interchange/Runtime/Content/gltf/MaterialInstances/MI_Unlit_Mask_DS.uexp" 1064
"../../../Engine/Plugins/Interchange/Runtime/Content/gltf/MaterialInstances/MI_Unlit_Mask.uasset" 1065
"../../../Engine/Plugins/Interchange/Runtime/Content/gltf/MaterialInstances/MI_Unlit_Mask.uexp" 1066
"../../../Engine/Plugins/Interchange/Runtime/Content/gltf/MaterialInstances/MI_Unlit_Blend_DS.uasset" 1067
"../../../Engine/Plugins/Interchange/Runtime/Content/gltf/MaterialInstances/MI_Unlit_Blend_DS.uexp" 1068
"../../../Engine/Plugins/Interchange/Runtime/Content/gltf/MaterialInstances/MI_Unlit_Blend.uasset" 1069
"../../../Engine/Plugins/Interchange/Runtime/Content/gltf/MaterialInstances/MI_Unlit_Blend.uexp" 1070
"../../../Engine/Plugins/Interchange/Runtime/Content/gltf/MaterialFunctions/MF_Iridescence.uasset" 1071
"../../../Engine/Plugins/Interchange/Runtime/Content/gltf/MaterialFunctions/MF_Iridescence.uexp" 1072
"../../../Engine/Plugins/Interchange/Runtime/Content/gltf/Textures/T_White_Linear.uasset" 1073
"../../../Engine/Plugins/Interchange/Runtime/Content/gltf/Textures/T_White_Linear.uexp" 1074
"../../../Engine/Plugins/Interchange/Runtime/Content/gltf/MaterialFunctions/MF_MetallicRoughness.uasset" 1075
"../../../Engine/Plugins/Interchange/Runtime/Content/gltf/MaterialFunctions/MF_MetallicRoughness.uexp" 1076
"../../../Engine/Plugins/Interchange/Runtime/Content/gltf/MaterialFunctions/MF_Transmission.uasset" 1077
"../../../Engine/Plugins/Interchange/Runtime/Content/gltf/MaterialFunctions/MF_Transmission.uexp" 1078
"../../../Engine/Plugins/Interchange/Runtime/Content/gltf/MaterialFunctions/MF_Occlusion.uasset" 1079
"../../../Engine/Plugins/Interchange/Runtime/Content/gltf/MaterialFunctions/MF_Occlusion.uexp" 1080
"../../../Engine/Plugins/Interchange/Runtime/Content/gltf/MaterialFunctions/MF_Specular.uasset" 1081
"../../../Engine/Plugins/Interchange/Runtime/Content/gltf/MaterialFunctions/MF_Specular.uexp" 1082
"../../../Engine/Plugins/Interchange/Runtime/Content/gltf/MaterialFunctions/MF_IOR.uasset" 1083
"../../../Engine/Plugins/Interchange/Runtime/Content/gltf/MaterialFunctions/MF_IOR.uexp" 1084
"../../../Engine/Plugins/Interchange/Runtime/Content/gltf/MaterialFunctions/MF_RotateNormals_TS.uasset" 1085
"../../../Engine/Plugins/Interchange/Runtime/Content/gltf/MaterialFunctions/MF_RotateNormals_TS.uexp" 1086
"../../../Engine/Plugins/Interchange/Runtime/Content/gltf/Textures/T_Generic_N.uasset" 1087
"../../../Engine/Plugins/Interchange/Runtime/Content/gltf/Textures/T_Generic_N.uexp" 1088
"../../../Engine/Plugins/Interchange/Runtime/Content/gltf/MaterialFunctions/MF_Normals.uasset" 1089
"../../../Engine/Plugins/Interchange/Runtime/Content/gltf/MaterialFunctions/MF_Normals.uexp" 1090
"../../../Engine/Plugins/Interchange/Runtime/Content/gltf/MaterialBodies/MF_Transmission_Body.uasset" 1091
"../../../Engine/Plugins/Interchange/Runtime/Content/gltf/MaterialBodies/MF_Transmission_Body.uexp" 1092
"../../../Engine/Plugins/Interchange/Runtime/Content/gltf/M_Transmission.uasset" 1093
"../../../Engine/Plugins/Interchange/Runtime/Content/gltf/M_Transmission.uexp" 1094
"../../../Engine/Plugins/Interchange/Runtime/Content/gltf/MaterialInstances/MI_Transmission_DS.uasset" 1095
"../../../Engine/Plugins/Interchange/Runtime/Content/gltf/MaterialInstances/MI_Transmission_DS.uexp" 1096
"../../../Engine/Plugins/Interchange/Runtime/Content/gltf/MaterialInstances/MI_Transmission.uasset" 1097
"../../../Engine/Plugins/Interchange/Runtime/Content/gltf/MaterialInstances/MI_Transmission.uexp" 1098
"../../../Engine/Plugins/Interchange/Runtime/Content/gltf/MaterialFunctions/MF_DiffuseSpecGloss.uasset" 1099
"../../../Engine/Plugins/Interchange/Runtime/Content/gltf/MaterialFunctions/MF_DiffuseSpecGloss.uexp" 1100
"../../../Engine/Content/Functions/Engine_MaterialFunctions02/Math/AddComponents.uasset" 1101
"../../../Engine/Content/Functions/Engine_MaterialFunctions02/Math/AddComponents.uexp" 1102
"../../../Engine/Plugins/Interchange/Runtime/Content/gltf/MaterialFunctions/MF_PerceivedBrightness.uasset" 1103
"../../../Engine/Plugins/Interchange/Runtime/Content/gltf/MaterialFunctions/MF_PerceivedBrightness.uexp" 1104
"../../../Engine/Plugins/Interchange/Runtime/Content/gltf/MaterialFunctions/MF_Emissive.uasset" 1105
"../../../Engine/Plugins/Interchange/Runtime/Content/gltf/MaterialFunctions/MF_Emissive.uexp" 1106
"../../../Engine/Plugins/Interchange/Runtime/Content/gltf/MaterialFunctions/MF_SpecGlossToMetalRoughness.uasset" 1107
"../../../Engine/Plugins/Interchange/Runtime/Content/gltf/MaterialFunctions/MF_SpecGlossToMetalRoughness.uexp" 1108
"../../../Engine/Plugins/Interchange/Runtime/Content/gltf/MaterialBodies/MF_SpecularGlossiness_Body.uasset" 1109
"../../../Engine/Plugins/Interchange/Runtime/Content/gltf/MaterialBodies/MF_SpecularGlossiness_Body.uexp" 1110
"../../../Engine/Plugins/Interchange/Runtime/Content/gltf/M_SpecularGlossiness.uasset" 1111
"../../../Engine/Plugins/Interchange/Runtime/Content/gltf/M_SpecularGlossiness.uexp" 1112
"../../../Engine/Plugins/Interchange/Runtime/Content/gltf/MaterialInstances/MI_SpecularGlossiness_Opaque_DS.uasset" 1113
"../../../Engine/Plugins/Interchange/Runtime/Content/gltf/MaterialInstances/MI_SpecularGlossiness_Opaque_DS.uexp" 1114
"../../../Engine/Plugins/Interchange/Runtime/Content/gltf/MaterialInstances/MI_SpecularGlossiness_Opaque.uasset" 1115
"../../../Engine/Plugins/Interchange/Runtime/Content/gltf/MaterialInstances/MI_SpecularGlossiness_Opaque.uexp" 1116
"../../../Engine/Plugins/Interchange/Runtime/Content/gltf/MaterialInstances/MI_SpecularGlossiness_Mask_DS.uasset" 1117
"../../../Engine/Plugins/Interchange/Runtime/Content/gltf/MaterialInstances/MI_SpecularGlossiness_Mask_DS.uexp" 1118
"../../../Engine/Plugins/Interchange/Runtime/Content/gltf/MaterialInstances/MI_SpecularGlossiness_Mask.uasset" 1119
"../../../Engine/Plugins/Interchange/Runtime/Content/gltf/MaterialInstances/MI_SpecularGlossiness_Mask.uexp" 1120
"../../../Engine/Plugins/Interchange/Runtime/Content/gltf/MaterialInstances/MI_SpecularGlossiness_Blend_DS.uasset" 1121
"../../../Engine/Plugins/Interchange/Runtime/Content/gltf/MaterialInstances/MI_SpecularGlossiness_Blend_DS.uexp" 1122
"../../../Engine/Plugins/Interchange/Runtime/Content/gltf/MaterialInstances/MI_SpecularGlossiness_Blend.uasset" 1123
"../../../Engine/Plugins/Interchange/Runtime/Content/gltf/MaterialInstances/MI_SpecularGlossiness_Blend.uexp" 1124
"../../../Engine/Plugins/Interchange/Runtime/Content/gltf/MaterialFunctions/MF_Sheen.uasset" 1125
"../../../Engine/Plugins/Interchange/Runtime/Content/gltf/MaterialFunctions/MF_Sheen.uexp" 1126
"../../../Engine/Plugins/Interchange/Runtime/Content/gltf/MaterialBodies/MF_Sheen_Body.uasset" 1127
"../../../Engine/Plugins/Interchange/Runtime/Content/gltf/MaterialBodies/MF_Sheen_Body.uexp" 1128
"../../../Engine/Plugins/Interchange/Runtime/Content/gltf/M_Sheen.uasset" 1129
"../../../Engine/Plugins/Interchange/Runtime/Content/gltf/M_Sheen.uexp" 1130
"../../../Engine/Plugins/Interchange/Runtime/Content/gltf/MaterialInstances/MI_Sheen_Opaque_DS.uasset" 1131
"../../../Engine/Plugins/Interchange/Runtime/Content/gltf/MaterialInstances/MI_Sheen_Opaque_DS.uexp" 1132
"../../../Engine/Plugins/Interchange/Runtime/Content/gltf/MaterialInstances/MI_Sheen_Opaque.uasset" 1133
"../../../Engine/Plugins/Interchange/Runtime/Content/gltf/MaterialInstances/MI_Sheen_Opaque.uexp" 1134
"../../../Engine/Plugins/Interchange/Runtime/Content/gltf/MaterialInstances/MI_Sheen_Mask_DS.uasset" 1135
"../../../Engine/Plugins/Interchange/Runtime/Content/gltf/MaterialInstances/MI_Sheen_Mask_DS.uexp" 1136
"../../../Engine/Plugins/Interchange/Runtime/Content/gltf/MaterialInstances/MI_Sheen_Mask.uasset" 1137
"../../../Engine/Plugins/Interchange/Runtime/Content/gltf/MaterialInstances/MI_Sheen_Mask.uexp" 1138
"../../../Engine/Plugins/Interchange/Runtime/Content/gltf/MaterialInstances/MI_Sheen_Blend_DS.uasset" 1139
"../../../Engine/Plugins/Interchange/Runtime/Content/gltf/MaterialInstances/MI_Sheen_Blend_DS.uexp" 1140
"../../../Engine/Plugins/Interchange/Runtime/Content/gltf/MaterialInstances/MI_Sheen_Blend.uasset" 1141
"../../../Engine/Plugins/Interchange/Runtime/Content/gltf/MaterialInstances/MI_Sheen_Blend.uexp" 1142
"../../../Engine/Plugins/Interchange/Runtime/Content/gltf/MaterialBodies/MF_Default_Body.uasset" 1143
"../../../Engine/Plugins/Interchange/Runtime/Content/gltf/MaterialBodies/MF_Default_Body.uexp" 1144
"../../../Engine/Plugins/Interchange/Runtime/Content/gltf/M_Default.uasset" 1145
"../../../Engine/Plugins/Interchange/Runtime/Content/gltf/M_Default.uexp" 1146
"../../../Engine/Plugins/Interchange/Runtime/Content/gltf/MaterialInstances/MI_Default_Opaque_DS.uasset" 1147
"../../../Engine/Plugins/Interchange/Runtime/Content/gltf/MaterialInstances/MI_Default_Opaque_DS.uexp" 1148
"../../../Engine/Plugins/Interchange/Runtime/Content/gltf/MaterialInstances/MI_Default_Opaque.uasset" 1149
"../../../Engine/Plugins/Interchange/Runtime/Content/gltf/MaterialInstances/MI_Default_Opaque.uexp" 1150
"../../../Engine/Plugins/Interchange/Runtime/Content/gltf/MaterialInstances/MI_Default_Mask_DS.uasset" 1151
"../../../Engine/Plugins/Interchange/Runtime/Content/gltf/MaterialInstances/MI_Default_Mask_DS.uexp" 1152
"../../../Engine/Plugins/Interchange/Runtime/Content/gltf/MaterialInstances/MI_Default_Mask.uasset" 1153
"../../../Engine/Plugins/Interchange/Runtime/Content/gltf/MaterialInstances/MI_Default_Mask.uexp" 1154
"../../../Engine/Plugins/Interchange/Runtime/Content/gltf/MaterialInstances/MI_Default_Blend_DS.uasset" 1155
"../../../Engine/Plugins/Interchange/Runtime/Content/gltf/MaterialInstances/MI_Default_Blend_DS.uexp" 1156
"../../../Engine/Plugins/Interchange/Runtime/Content/gltf/MaterialInstances/MI_Default_Blend.uasset" 1157
"../../../Engine/Plugins/Interchange/Runtime/Content/gltf/MaterialInstances/MI_Default_Blend.uexp" 1158
"../../../Engine/Content/Functions/Engine_MaterialFunctions01/Texturing/FlattenNormal.uasset" 1159
"../../../Engine/Content/Functions/Engine_MaterialFunctions01/Texturing/FlattenNormal.uexp" 1160
"../../../Engine/Plugins/Interchange/Runtime/Content/gltf/MaterialFunctions/MF_Clearcoat.uasset" 1161
"../../../Engine/Plugins/Interchange/Runtime/Content/gltf/MaterialFunctions/MF_Clearcoat.uexp" 1162
"../../../Engine/Plugins/Interchange/Runtime/Content/gltf/MaterialBodies/MF_ClearCoat_Body.uasset" 1163
"../../../Engine/Plugins/Interchange/Runtime/Content/gltf/MaterialBodies/MF_ClearCoat_Body.uexp" 1164
"../../../Engine/Plugins/Interchange/Runtime/Content/gltf/M_ClearCoat.uasset" 1165
"../../../Engine/Plugins/Interchange/Runtime/Content/gltf/M_ClearCoat.uexp" 1166
"../../../Engine/Plugins/Interchange/Runtime/Content/gltf/MaterialInstances/MI_ClearCoat_Opaque_DS.uasset" 1167
"../../../Engine/Plugins/Interchange/Runtime/Content/gltf/MaterialInstances/MI_ClearCoat_Opaque_DS.uexp" 1168
"../../../Engine/Plugins/Interchange/Runtime/Content/gltf/MaterialInstances/MI_ClearCoat_Opaque.uasset" 1169
"../../../Engine/Plugins/Interchange/Runtime/Content/gltf/MaterialInstances/MI_ClearCoat_Opaque.uexp" 1170
"../../../Engine/Plugins/Interchange/Runtime/Content/gltf/MaterialInstances/MI_ClearCoat_Mask_DS.uasset" 1171
"../../../Engine/Plugins/Interchange/Runtime/Content/gltf/MaterialInstances/MI_ClearCoat_Mask_DS.uexp" 1172
"../../../Engine/Plugins/Interchange/Runtime/Content/gltf/MaterialInstances/MI_ClearCoat_Mask.uasset" 1173
"../../../Engine/Plugins/Interchange/Runtime/Content/gltf/MaterialInstances/MI_ClearCoat_Mask.uexp" 1174
"../../../Engine/Plugins/Interchange/Runtime/Content/gltf/MaterialInstances/MI_ClearCoat_Blend_DS.uasset" 1175
"../../../Engine/Plugins/Interchange/Runtime/Content/gltf/MaterialInstances/MI_ClearCoat_Blend_DS.uexp" 1176
"../../../Engine/Plugins/Interchange/Runtime/Content/gltf/MaterialInstances/MI_ClearCoat_Blend.uasset" 1177
"../../../Engine/Plugins/Interchange/Runtime/Content/gltf/MaterialInstances/MI_ClearCoat_Blend.uexp" 1178
"../../../Engine/Content/MobileResources/HUD/VirtualJoystick_Background.uasset" 1179
"../../../Engine/Content/MobileResources/HUD/VirtualJoystick_Background.uexp" 1180
"../../../Engine/Content/MobileResources/HUD/VirtualJoystick_Thumb.uasset" 1181
"../../../Engine/Content/MobileResources/HUD/VirtualJoystick_Thumb.uexp" 1182
"../../../Engine/Content/MobileResources/HUD/DefaultVirtualJoysticks.uasset" 1183
"../../../Engine/Content/MobileResources/HUD/DefaultVirtualJoysticks.uexp" 1184
"../../../Engine/Content/EngineSky/VolumetricClouds/CloudWeatherTexture.uasset" 1185
"../../../Engine/Content/EngineSky/VolumetricClouds/CloudWeatherTexture.uexp" 1186
"../../../Engine/Content/Functions/Engine_MaterialFunctions02/Utility/MakeFloat2.uasset" 1187
"../../../Engine/Content/Functions/Engine_MaterialFunctions02/Utility/MakeFloat2.uexp" 1188
"../../../Engine/Content/EngineSky/VolumetricClouds/CloudGradientTexture.uasset" 1189
"../../../Engine/Content/EngineSky/VolumetricClouds/CloudGradientTexture.uexp" 1190
"../../../Engine/Content/EngineSky/VolumetricClouds/T_NoiseShape64.ubulk" 1191
"../../../Engine/Content/EngineSky/VolumetricClouds/T_NoiseShape64.uasset" 1192
"../../../Engine/Content/EngineSky/VolumetricClouds/T_NoiseShape64.uexp" 1193
"../../../Engine/Content/EngineSky/VolumetricClouds/T_VolumeNoiseShape64.uasset" 1194
"../../../Engine/Content/EngineSky/VolumetricClouds/T_VolumeNoiseShape64.uexp" 1195
"../../../Engine/Content/EngineSky/VolumetricClouds/T_NoiseErosion.ubulk" 1196
"../../../Engine/Content/EngineSky/VolumetricClouds/T_NoiseErosion.uasset" 1197
"../../../Engine/Content/EngineSky/VolumetricClouds/T_NoiseErosion.uexp" 1198
"../../../Engine/Content/EngineSky/VolumetricClouds/T_VolumeNoiseErosion32.uasset" 1199
"../../../Engine/Content/EngineSky/VolumetricClouds/T_VolumeNoiseErosion32.uexp" 1200
"../../../Engine/Content/EngineSky/VolumetricClouds/m_SimpleVolumetricCloud.uasset" 1201
"../../../Engine/Content/EngineSky/VolumetricClouds/m_SimpleVolumetricCloud.uexp" 1202
"../../../Engine/Content/EngineSky/VolumetricClouds/m_SimpleVolumetricCloud_Inst.uasset" 1203
"../../../Engine/Content/EngineSky/VolumetricClouds/m_SimpleVolumetricCloud_Inst.uexp" 1204
"../../../Engine/Content/EngineResources/FilmGrains/Marcie_Grain_v3_128_M2_000.uasset" 1205
"../../../Engine/Content/EngineResources/FilmGrains/Marcie_Grain_v3_128_M2_000.uexp" 1206
"../../../Engine/Content/EditorResources/SequenceRecorder/RecordingIndicator.uasset" 1207
"../../../Engine/Content/EditorResources/SequenceRecorder/RecordingIndicator.uexp" 1208
"../../../Engine/Content/EditorResources/SequenceRecorder/Countdown.uasset" 1209
"../../../Engine/Content/EditorResources/SequenceRecorder/Countdown.uexp" 1210
"../../../Engine/Content/EditorMaterials/Dataflow/DataflowVertexMaterial.uasset" 1211
"../../../Engine/Content/EditorMaterials/Dataflow/DataflowVertexMaterial.uexp" 1212
"../../../Engine/Content/Functions/Engine_MaterialFunctions01/Shading/PowerToRoughness.uasset" 1213
"../../../Engine/Content/Functions/Engine_MaterialFunctions01/Shading/PowerToRoughness.uexp" 1214
"../../../Engine/Content/Functions/Engine_MaterialFunctions01/Shading/ConvertFromDiffSpec.uasset" 1215
"../../../Engine/Content/Functions/Engine_MaterialFunctions01/Shading/ConvertFromDiffSpec.uexp" 1216
"../../../Engine/Content/EngineMaterials/Substrate/Volume/SubstrateSimpleVolumeLUT3D.uasset" 1217
"../../../Engine/Content/EngineMaterials/Substrate/Volume/SubstrateSimpleVolumeLUT3D.uexp" 1218
"../../../Engine/Content/EngineMaterials/Substrate/Volume/SubstrateSimpleVolumeEnvLUT3D.uasset" 1219
"../../../Engine/Content/EngineMaterials/Substrate/Volume/SubstrateSimpleVolumeEnvLUT3D.uexp" 1220
"../../../Engine/Content/EngineMaterials/Substrate/GLints2/AGlintTex2dArray2.uasset" 1221
"../../../Engine/Content/EngineMaterials/Substrate/GLints2/AGlintTex2dArray2.uexp" 1222
"../../../Engine/Content/EngineMaterials/Substrate/GLints/AGlintTex2dArray.uasset" 1223
"../../../Engine/Content/EngineMaterials/Substrate/GLints/AGlintTex2dArray.uexp" 1224
"../../../Engine/Content/OpenWorldTemplate/LandscapeMaterial/T_GridChecker_A.ubulk" 1225
"../../../Engine/Content/OpenWorldTemplate/LandscapeMaterial/T_GridChecker_A.uasset" 1226
"../../../Engine/Content/OpenWorldTemplate/LandscapeMaterial/T_GridChecker_A.uexp" 1227
"../../../Engine/Content/Functions/Engine_MaterialFunctions03/Blends/Blend_Overlay.uasset" 1228
"../../../Engine/Content/Functions/Engine_MaterialFunctions03/Blends/Blend_Overlay.uexp" 1229
"../../../Engine/Content/OpenWorldTemplate/LandscapeMaterial/MF_ProcGrid.uasset" 1230
"../../../Engine/Content/OpenWorldTemplate/LandscapeMaterial/MF_ProcGrid.uexp" 1231
"../../../Engine/Content/OpenWorldTemplate/LandscapeMaterial/M_ProcGrid.uasset" 1232
"../../../Engine/Content/OpenWorldTemplate/LandscapeMaterial/M_ProcGrid.uexp" 1233
"../../../Engine/Content/OpenWorldTemplate/LandscapeMaterial/MI_ProcGrid.uasset" 1234
"../../../Engine/Content/OpenWorldTemplate/LandscapeMaterial/MI_ProcGrid.uexp" 1235
"C:/Users/Lukkake/Documents/GitHub/Beat_City/Beat_City/Content/Audio/Mixer/Music_Mixer.uasset" 1236
"C:/Users/Lukkake/Documents/GitHub/Beat_City/Beat_City/Content/Audio/Mixer/Music_Mixer.uexp" 1237
"C:/Users/Lukkake/Documents/GitHub/Beat_City/Beat_City/Content/ThirdPerson/Blueprints/Widgets/WBP_OptionsScreen.uasset" 1238
"C:/Users/Lukkake/Documents/GitHub/Beat_City/Beat_City/Content/ThirdPerson/Blueprints/Widgets/WBP_OptionsScreen.uexp" 1239
"C:/Users/Lukkake/Documents/GitHub/Beat_City/Beat_City/Content/ThirdPerson/Blueprints/Widgets/Title_Screen.uasset" 1240
"C:/Users/Lukkake/Documents/GitHub/Beat_City/Beat_City/Content/ThirdPerson/Blueprints/Widgets/Title_Screen.uexp" 1241
"../../../Engine/Content/EngineSky/T_Sky_Stars.ubulk" 1242
"../../../Engine/Content/EngineSky/T_Sky_Stars.uasset" 1243
"../../../Engine/Content/EngineSky/T_Sky_Stars.uexp" 1244
"../../../Engine/Content/EngineSky/T_Sky_Clouds_M.ubulk" 1245
"../../../Engine/Content/EngineSky/T_Sky_Clouds_M.uasset" 1246
"../../../Engine/Content/EngineSky/T_Sky_Clouds_M.uexp" 1247
"../../../Engine/Content/EngineSky/T_Sky_Blue.ubulk" 1248
"../../../Engine/Content/EngineSky/T_Sky_Blue.uasset" 1249
"../../../Engine/Content/EngineSky/T_Sky_Blue.uexp" 1250
"../../../Engine/Content/EngineSky/M_Sky_Panning_Clouds2.uasset" 1251
"../../../Engine/Content/EngineSky/M_Sky_Panning_Clouds2.uexp" 1252
"../../../Engine/Content/EngineSky/SM_SkySphere.ubulk" 1253
"../../../Engine/Content/EngineSky/SM_SkySphere.uasset" 1254
"../../../Engine/Content/EngineSky/SM_SkySphere.uexp" 1255
"C:/Users/Lukkake/Documents/GitHub/Beat_City/Beat_City/Content/Audio/automated_generation_preview__menu_.ubulk" 1256
"C:/Users/Lukkake/Documents/GitHub/Beat_City/Beat_City/Content/Audio/automated_generation_preview__menu_.uasset" 1257
"C:/Users/Lukkake/Documents/GitHub/Beat_City/Beat_City/Content/Audio/automated_generation_preview__menu_.uexp" 1258
"../../../Engine/Content/MapTemplates/SM_Template_Map_Floor.ubulk" 1259
"../../../Engine/Content/MapTemplates/SM_Template_Map_Floor.uasset" 1260
"../../../Engine/Content/MapTemplates/SM_Template_Map_Floor.uexp" 1261
"C:/Users/Lukkake/Documents/GitHub/Beat_City/Beat_City/Content/ThirdPerson/Blueprints/Game_modes/Beat_CIty_GameMode.uasset" 1262
"C:/Users/Lukkake/Documents/GitHub/Beat_City/Beat_City/Content/ThirdPerson/Blueprints/Game_modes/Beat_CIty_GameMode.uexp" 1263
"../../../Engine/Content/EngineSky/M_SimpleSkyDome.uasset" 1264
"../../../Engine/Content/EngineSky/M_SimpleSkyDome.uexp" 1265
"C:/Users/Lukkake/Documents/GitHub/Beat_City/Beat_City/Content/Levels/Title_Screen_Level.uexp" 1266
"C:/Users/Lukkake/Documents/GitHub/Beat_City/Beat_City/Content/Levels/Title_Screen_Level.umap" 1267
"C:/Users/Lukkake/Documents/GitHub/Beat_City/Beat_City/Content/Art_Imports/Textures/SongSelect/Left_Button_Pressed.uasset" 1268
"C:/Users/Lukkake/Documents/GitHub/Beat_City/Beat_City/Content/Art_Imports/Textures/SongSelect/Left_Button_Pressed.uexp" 1269
"C:/Users/Lukkake/Documents/GitHub/Beat_City/Beat_City/Content/Art_Imports/Textures/SongSelect/Right_Button.uasset" 1270
"C:/Users/Lukkake/Documents/GitHub/Beat_City/Beat_City/Content/Art_Imports/Textures/SongSelect/Right_Button.uexp" 1271
"C:/Users/Lukkake/Documents/GitHub/Beat_City/Beat_City/Content/Art_Imports/Textures/SongSelect/Left_Button_Hovered.uasset" 1272
"C:/Users/Lukkake/Documents/GitHub/Beat_City/Beat_City/Content/Art_Imports/Textures/SongSelect/Left_Button_Hovered.uexp" 1273
"C:/Users/Lukkake/Documents/GitHub/Beat_City/Beat_City/Content/Art_Imports/Textures/SongSelect/Right_Button_Pressed.uasset" 1274
"C:/Users/Lukkake/Documents/GitHub/Beat_City/Beat_City/Content/Art_Imports/Textures/SongSelect/Right_Button_Pressed.uexp" 1275
"C:/Users/Lukkake/Documents/GitHub/Beat_City/Beat_City/Content/Art_Imports/Textures/SongSelect/Left_Button.uasset" 1276
"C:/Users/Lukkake/Documents/GitHub/Beat_City/Beat_City/Content/Art_Imports/Textures/SongSelect/Left_Button.uexp" 1277
"C:/Users/Lukkake/Documents/GitHub/Beat_City/Beat_City/Content/Art_Imports/Textures/SongSelect/Right_Button_Hovered.uasset" 1278
"C:/Users/Lukkake/Documents/GitHub/Beat_City/Beat_City/Content/Art_Imports/Textures/SongSelect/Right_Button_Hovered.uexp" 1279
"C:/Users/Lukkake/Documents/GitHub/Beat_City/Beat_City/Content/ThirdPerson/Blueprints/Widgets/Song_Select_Menu.uasset" 1280
"C:/Users/Lukkake/Documents/GitHub/Beat_City/Beat_City/Content/ThirdPerson/Blueprints/Widgets/Song_Select_Menu.uexp" 1281
"C:/Users/Lukkake/Documents/GitHub/Beat_City/Beat_City/Content/Levels/Song_Select_Screen_Level.uexp" 1282
"C:/Users/Lukkake/Documents/GitHub/Beat_City/Beat_City/Content/Levels/Song_Select_Screen_Level.umap" 1283
"C:/Users/Lukkake/Documents/GitHub/Beat_City/Beat_City/Content/Art_Imports/Materials/Building_Materials/Building_AccentGradient_Inst.uasset" 1284
"C:/Users/Lukkake/Documents/GitHub/Beat_City/Beat_City/Content/Art_Imports/Materials/Building_Materials/Building_AccentGradient_Inst.uexp" 1285
"C:/Users/Lukkake/Documents/GitHub/Beat_City/Beat_City/Content/Art_Imports/Materials/Building_Materials/Building_White_Inst2.uasset" 1286
"C:/Users/Lukkake/Documents/GitHub/Beat_City/Beat_City/Content/Art_Imports/Materials/Building_Materials/Building_White_Inst2.uexp" 1287
"C:/Users/Lukkake/Documents/GitHub/Beat_City/Beat_City/Content/Art_Imports/Materials/Building_Materials/Building_WarningLights1.uasset" 1288
"C:/Users/Lukkake/Documents/GitHub/Beat_City/Beat_City/Content/Art_Imports/Materials/Building_Materials/Building_WarningLights1.uexp" 1289
"C:/Users/Lukkake/Documents/GitHub/Beat_City/Beat_City/Content/Art_Imports/Models/Sidewalk_Front_01.ubulk" 1290
"C:/Users/Lukkake/Documents/GitHub/Beat_City/Beat_City/Content/Art_Imports/Models/Sidewalk_Front_01.uasset" 1291
"C:/Users/Lukkake/Documents/GitHub/Beat_City/Beat_City/Content/Art_Imports/Models/Sidewalk_Front_01.uexp" 1292
"C:/Users/Lukkake/Documents/GitHub/Beat_City/Beat_City/Content/Art_Imports/Materials/Building_Materials/Building_Pink_Inst1.uasset" 1293
"C:/Users/Lukkake/Documents/GitHub/Beat_City/Beat_City/Content/Art_Imports/Materials/Building_Materials/Building_Pink_Inst1.uexp" 1294
"C:/Users/Lukkake/Documents/GitHub/Beat_City/Beat_City/Content/Art_Imports/Materials/Building_Materials/Building_Base_Inst.uasset" 1295
"C:/Users/Lukkake/Documents/GitHub/Beat_City/Beat_City/Content/Art_Imports/Materials/Building_Materials/Building_Base_Inst.uexp" 1296
"C:/Users/Lukkake/Documents/GitHub/Beat_City/Beat_City/Content/Art_Imports/Materials/Building_Materials/Building_NeonLights.uasset" 1297
"C:/Users/Lukkake/Documents/GitHub/Beat_City/Beat_City/Content/Art_Imports/Materials/Building_Materials/Building_NeonLights.uexp" 1298
"C:/Users/Lukkake/Documents/GitHub/Beat_City/Beat_City/Content/Art_Imports/Models/Buildings/Building_Small_04.ubulk" 1299
"C:/Users/Lukkake/Documents/GitHub/Beat_City/Beat_City/Content/Art_Imports/Models/Buildings/Building_Small_04.uasset" 1300
"C:/Users/Lukkake/Documents/GitHub/Beat_City/Beat_City/Content/Art_Imports/Models/Buildings/Building_Small_04.uexp" 1301
"C:/Users/Lukkake/Documents/GitHub/Beat_City/Beat_City/Content/Art_Imports/Models/Props/Sign_Thin_01.ubulk" 1302
"C:/Users/Lukkake/Documents/GitHub/Beat_City/Beat_City/Content/Art_Imports/Models/Props/Sign_Thin_01.uasset" 1303
"C:/Users/Lukkake/Documents/GitHub/Beat_City/Beat_City/Content/Art_Imports/Models/Props/Sign_Thin_01.uexp" 1304
"C:/Users/Lukkake/Documents/GitHub/Beat_City/Beat_City/Content/Art_Imports/Models/Buildings/Building_Small_02.ubulk" 1305
"C:/Users/Lukkake/Documents/GitHub/Beat_City/Beat_City/Content/Art_Imports/Models/Buildings/Building_Small_02.uasset" 1306
"C:/Users/Lukkake/Documents/GitHub/Beat_City/Beat_City/Content/Art_Imports/Models/Buildings/Building_Small_02.uexp" 1307
"C:/Users/Lukkake/Documents/GitHub/Beat_City/Beat_City/Content/Art_Imports/Models/Buildings/Door_01.ubulk" 1308
"C:/Users/Lukkake/Documents/GitHub/Beat_City/Beat_City/Content/Art_Imports/Models/Buildings/Door_01.uasset" 1309
"C:/Users/Lukkake/Documents/GitHub/Beat_City/Beat_City/Content/Art_Imports/Models/Buildings/Door_01.uexp" 1310
"C:/Users/Lukkake/Documents/GitHub/Beat_City/Beat_City/Content/Art_Imports/Models/Sidewalk_Mid_01.ubulk" 1311
"C:/Users/Lukkake/Documents/GitHub/Beat_City/Beat_City/Content/Art_Imports/Models/Sidewalk_Mid_01.uasset" 1312
"C:/Users/Lukkake/Documents/GitHub/Beat_City/Beat_City/Content/Art_Imports/Models/Sidewalk_Mid_01.uexp" 1313
"C:/Users/Lukkake/Documents/GitHub/Beat_City/Beat_City/Content/Art_Imports/Materials/Road_Materials/StreetLight_Flicker.uasset" 1314
"C:/Users/Lukkake/Documents/GitHub/Beat_City/Beat_City/Content/Art_Imports/Materials/Road_Materials/StreetLight_Flicker.uexp" 1315
"C:/Users/Lukkake/Documents/GitHub/Beat_City/Beat_City/Content/Art_Imports/Materials/Neon_Sign_Materials/NeonSigns_Base.uasset" 1316
"C:/Users/Lukkake/Documents/GitHub/Beat_City/Beat_City/Content/Art_Imports/Materials/Neon_Sign_Materials/NeonSigns_Base.uexp" 1317
"C:/Users/Lukkake/Documents/GitHub/Beat_City/Beat_City/Content/Art_Imports/Materials/Neon_Sign_Materials/NeonSigns_Stores_Inst2.uasset" 1318
"C:/Users/Lukkake/Documents/GitHub/Beat_City/Beat_City/Content/Art_Imports/Materials/Neon_Sign_Materials/NeonSigns_Stores_Inst2.uexp" 1319
"../../../Engine/Content/EngineMeshes/BackgroundMaterial.uasset" 1320
"../../../Engine/Content/EngineMeshes/BackgroundMaterial.uexp" 1321
"C:/Users/Lukkake/Documents/GitHub/Beat_City/Beat_City/Content/Art_Imports/Models/NeonSigns/StoreNeonSign.ubulk" 1322
"C:/Users/Lukkake/Documents/GitHub/Beat_City/Beat_City/Content/Art_Imports/Models/NeonSigns/StoreNeonSign.uasset" 1323
"C:/Users/Lukkake/Documents/GitHub/Beat_City/Beat_City/Content/Art_Imports/Models/NeonSigns/StoreNeonSign.uexp" 1324
"C:/Users/Lukkake/Documents/GitHub/Beat_City/Beat_City/Content/Art_Imports/LightPostT.uasset" 1325
"C:/Users/Lukkake/Documents/GitHub/Beat_City/Beat_City/Content/Art_Imports/LightPostT.uexp" 1326
"C:/Users/Lukkake/Documents/GitHub/Beat_City/Beat_City/Content/Art_Imports/Metal_Pole.uasset" 1327
"C:/Users/Lukkake/Documents/GitHub/Beat_City/Beat_City/Content/Art_Imports/Metal_Pole.uexp" 1328
"C:/Users/Lukkake/Documents/GitHub/Beat_City/Beat_City/Content/Art_Imports/Street_light.ubulk" 1329
"C:/Users/Lukkake/Documents/GitHub/Beat_City/Beat_City/Content/Art_Imports/Street_light.uasset" 1330
"C:/Users/Lukkake/Documents/GitHub/Beat_City/Beat_City/Content/Art_Imports/Street_light.uexp" 1331
"C:/Users/Lukkake/Documents/GitHub/Beat_City/Beat_City/Content/Art_Imports/Decals/Textures/Decal_CityNeverSleeps_Opacity.ubulk" 1332
"C:/Users/Lukkake/Documents/GitHub/Beat_City/Beat_City/Content/Art_Imports/Decals/Textures/Decal_CityNeverSleeps_Opacity.uasset" 1333
"C:/Users/Lukkake/Documents/GitHub/Beat_City/Beat_City/Content/Art_Imports/Decals/Textures/Decal_CityNeverSleeps_Opacity.uexp" 1334
"C:/Users/Lukkake/Documents/GitHub/Beat_City/Beat_City/Content/Art_Imports/Decals/Textures/Decal_CityNeverSleeps.uasset" 1335
"C:/Users/Lukkake/Documents/GitHub/Beat_City/Beat_City/Content/Art_Imports/Decals/Textures/Decal_CityNeverSleeps.uexp" 1336
"C:/Users/Lukkake/Documents/GitHub/Beat_City/Beat_City/Content/Art_Imports/Decals/DecalM_CityNeverSleeps.uasset" 1337
"C:/Users/Lukkake/Documents/GitHub/Beat_City/Beat_City/Content/Art_Imports/Decals/DecalM_CityNeverSleeps.uexp" 1338
"C:/Users/Lukkake/Documents/GitHub/Beat_City/Beat_City/Content/Art_Imports/Models/Buildings/Building_Skyscraper_01.ubulk" 1339
"C:/Users/Lukkake/Documents/GitHub/Beat_City/Beat_City/Content/Art_Imports/Models/Buildings/Building_Skyscraper_01.uasset" 1340
"C:/Users/Lukkake/Documents/GitHub/Beat_City/Beat_City/Content/Art_Imports/Models/Buildings/Building_Skyscraper_01.uexp" 1341
"C:/Users/Lukkake/Documents/GitHub/Beat_City/Beat_City/Content/Art_Imports/Models/Buildings/Building_Mid_02.ubulk" 1342
"C:/Users/Lukkake/Documents/GitHub/Beat_City/Beat_City/Content/Art_Imports/Models/Buildings/Building_Mid_02.uasset" 1343
"C:/Users/Lukkake/Documents/GitHub/Beat_City/Beat_City/Content/Art_Imports/Models/Buildings/Building_Mid_02.uexp" 1344
"C:/Users/Lukkake/Documents/GitHub/Beat_City/Beat_City/Content/Art_Imports/Models/Props/Dumpster_01.ubulk" 1345
"C:/Users/Lukkake/Documents/GitHub/Beat_City/Beat_City/Content/Art_Imports/Models/Props/Dumpster_01.uasset" 1346
"C:/Users/Lukkake/Documents/GitHub/Beat_City/Beat_City/Content/Art_Imports/Models/Props/Dumpster_01.uexp" 1347
"C:/Users/Lukkake/Documents/GitHub/Beat_City/Beat_City/Content/Art_Imports/Models/Buildings/Building_Mid_01.ubulk" 1348
"C:/Users/Lukkake/Documents/GitHub/Beat_City/Beat_City/Content/Art_Imports/Models/Buildings/Building_Mid_01.uasset" 1349
"C:/Users/Lukkake/Documents/GitHub/Beat_City/Beat_City/Content/Art_Imports/Models/Buildings/Building_Mid_01.uexp" 1350
"C:/Users/Lukkake/Documents/GitHub/Beat_City/Beat_City/Content/Art_Imports/Models/Buildings/Building_Tower_01.ubulk" 1351
"C:/Users/Lukkake/Documents/GitHub/Beat_City/Beat_City/Content/Art_Imports/Models/Buildings/Building_Tower_01.uasset" 1352
"C:/Users/Lukkake/Documents/GitHub/Beat_City/Beat_City/Content/Art_Imports/Models/Buildings/Building_Tower_01.uexp" 1353
"C:/Users/Lukkake/Documents/GitHub/Beat_City/Beat_City/Content/Art_Imports/Models/Buildings/Building_Tower_02.ubulk" 1354
"C:/Users/Lukkake/Documents/GitHub/Beat_City/Beat_City/Content/Art_Imports/Models/Buildings/Building_Tower_02.uasset" 1355
"C:/Users/Lukkake/Documents/GitHub/Beat_City/Beat_City/Content/Art_Imports/Models/Buildings/Building_Tower_02.uexp" 1356
"C:/Users/Lukkake/Documents/GitHub/Beat_City/Beat_City/Content/Art_Imports/Decals/Textures/Decal_Free.uasset" 1357
"C:/Users/Lukkake/Documents/GitHub/Beat_City/Beat_City/Content/Art_Imports/Decals/Textures/Decal_Free.uexp" 1358
"C:/Users/Lukkake/Documents/GitHub/Beat_City/Beat_City/Content/Art_Imports/Decals/Textures/Decal_Free_Opacity.ubulk" 1359
"C:/Users/Lukkake/Documents/GitHub/Beat_City/Beat_City/Content/Art_Imports/Decals/Textures/Decal_Free_Opacity.uasset" 1360
"C:/Users/Lukkake/Documents/GitHub/Beat_City/Beat_City/Content/Art_Imports/Decals/Textures/Decal_Free_Opacity.uexp" 1361
"C:/Users/Lukkake/Documents/GitHub/Beat_City/Beat_City/Content/Art_Imports/Decals/DecalM_Free.uasset" 1362
"C:/Users/Lukkake/Documents/GitHub/Beat_City/Beat_City/Content/Art_Imports/Decals/DecalM_Free.uexp" 1363
"C:/Users/Lukkake/Documents/GitHub/Beat_City/Beat_City/Content/Art_Imports/Materials/Neon_Sign_Materials/NeonSigns_HotelHands_Inst1.uasset" 1364
"C:/Users/Lukkake/Documents/GitHub/Beat_City/Beat_City/Content/Art_Imports/Materials/Neon_Sign_Materials/NeonSigns_HotelHands_Inst1.uexp" 1365
"C:/Users/Lukkake/Documents/GitHub/Beat_City/Beat_City/Content/Art_Imports/Materials/Neon_Sign_Materials/NeonSigns_HotelCheckin_Inst.uasset" 1366
"C:/Users/Lukkake/Documents/GitHub/Beat_City/Beat_City/Content/Art_Imports/Materials/Neon_Sign_Materials/NeonSigns_HotelCheckin_Inst.uexp" 1367
"C:/Users/Lukkake/Documents/GitHub/Beat_City/Beat_City/Content/Art_Imports/Models/NeonSigns/HotelNeonSign.ubulk" 1368
"C:/Users/Lukkake/Documents/GitHub/Beat_City/Beat_City/Content/Art_Imports/Models/NeonSigns/HotelNeonSign.uasset" 1369
"C:/Users/Lukkake/Documents/GitHub/Beat_City/Beat_City/Content/Art_Imports/Models/NeonSigns/HotelNeonSign.uexp" 1370
"C:/Users/Lukkake/Documents/GitHub/Beat_City/Beat_City/Content/Art_Imports/Models/Buildings/Building_Tower_04.ubulk" 1371
"C:/Users/Lukkake/Documents/GitHub/Beat_City/Beat_City/Content/Art_Imports/Models/Buildings/Building_Tower_04.uasset" 1372
"C:/Users/Lukkake/Documents/GitHub/Beat_City/Beat_City/Content/Art_Imports/Models/Buildings/Building_Tower_04.uexp" 1373
"C:/Users/Lukkake/Documents/GitHub/Beat_City/Beat_City/Content/Art_Imports/Models/Buildings/Building_Small_05.ubulk" 1374
"C:/Users/Lukkake/Documents/GitHub/Beat_City/Beat_City/Content/Art_Imports/Models/Buildings/Building_Small_05.uasset" 1375
"C:/Users/Lukkake/Documents/GitHub/Beat_City/Beat_City/Content/Art_Imports/Models/Buildings/Building_Small_05.uexp" 1376
"C:/Users/Lukkake/Documents/GitHub/Beat_City/Beat_City/Content/Art_Imports/Models/Props/AirconUnit_01.ubulk" 1377
"C:/Users/Lukkake/Documents/GitHub/Beat_City/Beat_City/Content/Art_Imports/Models/Props/AirconUnit_01.uasset" 1378
"C:/Users/Lukkake/Documents/GitHub/Beat_City/Beat_City/Content/Art_Imports/Models/Props/AirconUnit_01.uexp" 1379
"C:/Users/Lukkake/Documents/GitHub/Beat_City/Beat_City/Content/Art_Imports/Decals/Textures/Deca_ForOurselves_Opacity.ubulk" 1380
"C:/Users/Lukkake/Documents/GitHub/Beat_City/Beat_City/Content/Art_Imports/Decals/Textures/Deca_ForOurselves_Opacity.uasset" 1381
"C:/Users/Lukkake/Documents/GitHub/Beat_City/Beat_City/Content/Art_Imports/Decals/Textures/Deca_ForOurselves_Opacity.uexp" 1382
"C:/Users/Lukkake/Documents/GitHub/Beat_City/Beat_City/Content/Art_Imports/Decals/Textures/Deca_ForOurselves.uasset" 1383
"C:/Users/Lukkake/Documents/GitHub/Beat_City/Beat_City/Content/Art_Imports/Decals/Textures/Deca_ForOurselves.uexp" 1384
"C:/Users/Lukkake/Documents/GitHub/Beat_City/Beat_City/Content/Art_Imports/Decals/Decal_ForOurselves.uasset" 1385
"C:/Users/Lukkake/Documents/GitHub/Beat_City/Beat_City/Content/Art_Imports/Decals/Decal_ForOurselves.uexp" 1386
"C:/Users/Lukkake/Documents/GitHub/Beat_City/Beat_City/Content/Art_Imports/Models/Buildings/Building_Tower_Roof_01.ubulk" 1387
"C:/Users/Lukkake/Documents/GitHub/Beat_City/Beat_City/Content/Art_Imports/Models/Buildings/Building_Tower_Roof_01.uasset" 1388
"C:/Users/Lukkake/Documents/GitHub/Beat_City/Beat_City/Content/Art_Imports/Models/Buildings/Building_Tower_Roof_01.uexp" 1389
"C:/Users/Lukkake/Documents/GitHub/Beat_City/Beat_City/Content/Art_Imports/Materials/Road_Materials/LightFlicker_Slow.uasset" 1390
"C:/Users/Lukkake/Documents/GitHub/Beat_City/Beat_City/Content/Art_Imports/Materials/Road_Materials/LightFlicker_Slow.uexp" 1391
"C:/Users/Lukkake/Documents/GitHub/Beat_City/Beat_City/Content/Art_Imports/Models/Buildings/Building_Small_01.ubulk" 1392
"C:/Users/Lukkake/Documents/GitHub/Beat_City/Beat_City/Content/Art_Imports/Models/Buildings/Building_Small_01.uasset" 1393
"C:/Users/Lukkake/Documents/GitHub/Beat_City/Beat_City/Content/Art_Imports/Models/Buildings/Building_Small_01.uexp" 1394
"C:/Users/Lukkake/Documents/GitHub/Beat_City/Beat_City/Content/Art_Imports/Models/Buildings/Building_Tower_05.ubulk" 1395
"C:/Users/Lukkake/Documents/GitHub/Beat_City/Beat_City/Content/Art_Imports/Models/Buildings/Building_Tower_05.uasset" 1396
"C:/Users/Lukkake/Documents/GitHub/Beat_City/Beat_City/Content/Art_Imports/Models/Buildings/Building_Tower_05.uexp" 1397
"C:/Users/Lukkake/Documents/GitHub/Beat_City/Beat_City/Content/Art_Imports/Decals/Textures/Decal_CyberGirl_Opacity.ubulk" 1398
"C:/Users/Lukkake/Documents/GitHub/Beat_City/Beat_City/Content/Art_Imports/Decals/Textures/Decal_CyberGirl_Opacity.uasset" 1399
"C:/Users/Lukkake/Documents/GitHub/Beat_City/Beat_City/Content/Art_Imports/Decals/Textures/Decal_CyberGirl_Opacity.uexp" 1400
"C:/Users/Lukkake/Documents/GitHub/Beat_City/Beat_City/Content/Art_Imports/Decals/Textures/Decal_CyberGirl.uasset" 1401
"C:/Users/Lukkake/Documents/GitHub/Beat_City/Beat_City/Content/Art_Imports/Decals/Textures/Decal_CyberGirl.uexp" 1402
"C:/Users/Lukkake/Documents/GitHub/Beat_City/Beat_City/Content/Art_Imports/Decals/DecalM_Cybergirl.uasset" 1403
"C:/Users/Lukkake/Documents/GitHub/Beat_City/Beat_City/Content/Art_Imports/Decals/DecalM_Cybergirl.uexp" 1404
"C:/Users/Lukkake/Documents/GitHub/Beat_City/Beat_City/Content/Art_Imports/Models/Props/Railing_01.ubulk" 1405
"C:/Users/Lukkake/Documents/GitHub/Beat_City/Beat_City/Content/Art_Imports/Models/Props/Railing_01.uasset" 1406
"C:/Users/Lukkake/Documents/GitHub/Beat_City/Beat_City/Content/Art_Imports/Models/Props/Railing_01.uexp" 1407
"C:/Users/Lukkake/Documents/GitHub/Beat_City/Beat_City/Content/Art_Imports/Models/Buildings/Windows/Window_3Panels_01.ubulk" 1408
"C:/Users/Lukkake/Documents/GitHub/Beat_City/Beat_City/Content/Art_Imports/Models/Buildings/Windows/Window_3Panels_01.uasset" 1409
"C:/Users/Lukkake/Documents/GitHub/Beat_City/Beat_City/Content/Art_Imports/Models/Buildings/Windows/Window_3Panels_01.uexp" 1410
"C:/Users/Lukkake/Documents/GitHub/Beat_City/Beat_City/Content/Art_Imports/Models/Buildings/Windows/Window_Long_01.ubulk" 1411
"C:/Users/Lukkake/Documents/GitHub/Beat_City/Beat_City/Content/Art_Imports/Models/Buildings/Windows/Window_Long_01.uasset" 1412
"C:/Users/Lukkake/Documents/GitHub/Beat_City/Beat_City/Content/Art_Imports/Models/Buildings/Windows/Window_Long_01.uexp" 1413
"C:/Users/Lukkake/Documents/GitHub/Beat_City/Beat_City/Content/ThirdPerson/Blueprints/Actors/Buildings/BP_Buildings_V1.uasset" 1414
"C:/Users/Lukkake/Documents/GitHub/Beat_City/Beat_City/Content/ThirdPerson/Blueprints/Actors/Buildings/BP_Buildings_V1.uexp" 1415
"C:/Users/Lukkake/Documents/GitHub/Beat_City/Beat_City/Content/Art_Imports/Models/Buildings/Building_Skyscraper_02_.ubulk" 1416
"C:/Users/Lukkake/Documents/GitHub/Beat_City/Beat_City/Content/Art_Imports/Models/Buildings/Building_Skyscraper_02_.uasset" 1417
"C:/Users/Lukkake/Documents/GitHub/Beat_City/Beat_City/Content/Art_Imports/Models/Buildings/Building_Skyscraper_02_.uexp" 1418
"C:/Users/Lukkake/Documents/GitHub/Beat_City/Beat_City/Content/Art_Imports/Decals/Textures/Decal_X.uasset" 1419
"C:/Users/Lukkake/Documents/GitHub/Beat_City/Beat_City/Content/Art_Imports/Decals/Textures/Decal_X.uexp" 1420
"C:/Users/Lukkake/Documents/GitHub/Beat_City/Beat_City/Content/Art_Imports/Decals/Textures/Decal_X_Opacity.ubulk" 1421
"C:/Users/Lukkake/Documents/GitHub/Beat_City/Beat_City/Content/Art_Imports/Decals/Textures/Decal_X_Opacity.uasset" 1422
"C:/Users/Lukkake/Documents/GitHub/Beat_City/Beat_City/Content/Art_Imports/Decals/Textures/Decal_X_Opacity.uexp" 1423
"C:/Users/Lukkake/Documents/GitHub/Beat_City/Beat_City/Content/Art_Imports/Decals/DecalM_X.uasset" 1424
"C:/Users/Lukkake/Documents/GitHub/Beat_City/Beat_City/Content/Art_Imports/Decals/DecalM_X.uexp" 1425
"C:/Users/Lukkake/Documents/GitHub/Beat_City/Beat_City/Content/Art_Imports/Decals/Textures/Decal_AI.uasset" 1426
"C:/Users/Lukkake/Documents/GitHub/Beat_City/Beat_City/Content/Art_Imports/Decals/Textures/Decal_AI.uexp" 1427
"C:/Users/Lukkake/Documents/GitHub/Beat_City/Beat_City/Content/Art_Imports/Decals/Textures/Decal_AI_Opacity.ubulk" 1428
"C:/Users/Lukkake/Documents/GitHub/Beat_City/Beat_City/Content/Art_Imports/Decals/Textures/Decal_AI_Opacity.uasset" 1429
"C:/Users/Lukkake/Documents/GitHub/Beat_City/Beat_City/Content/Art_Imports/Decals/Textures/Decal_AI_Opacity.uexp" 1430
"C:/Users/Lukkake/Documents/GitHub/Beat_City/Beat_City/Content/Art_Imports/Decals/DecalM_AI.uasset" 1431
"C:/Users/Lukkake/Documents/GitHub/Beat_City/Beat_City/Content/Art_Imports/Decals/DecalM_AI.uexp" 1432
"C:/Users/Lukkake/Documents/GitHub/Beat_City/Beat_City/Content/Art_Imports/Decals/Textures/Decal_No_Opacity.ubulk" 1433
"C:/Users/Lukkake/Documents/GitHub/Beat_City/Beat_City/Content/Art_Imports/Decals/Textures/Decal_No_Opacity.uasset" 1434
"C:/Users/Lukkake/Documents/GitHub/Beat_City/Beat_City/Content/Art_Imports/Decals/Textures/Decal_No_Opacity.uexp" 1435
"C:/Users/Lukkake/Documents/GitHub/Beat_City/Beat_City/Content/Art_Imports/Decals/Textures/Decal_No.uasset" 1436
"C:/Users/Lukkake/Documents/GitHub/Beat_City/Beat_City/Content/Art_Imports/Decals/Textures/Decal_No.uexp" 1437
"C:/Users/Lukkake/Documents/GitHub/Beat_City/Beat_City/Content/Art_Imports/Decals/DecalM_No.uasset" 1438
"C:/Users/Lukkake/Documents/GitHub/Beat_City/Beat_City/Content/Art_Imports/Decals/DecalM_No.uexp" 1439
"C:/Users/Lukkake/Documents/GitHub/Beat_City/Beat_City/Content/Art_Imports/Models/Buildings/Building_Small_03.ubulk" 1440
"C:/Users/Lukkake/Documents/GitHub/Beat_City/Beat_City/Content/Art_Imports/Models/Buildings/Building_Small_03.uasset" 1441
"C:/Users/Lukkake/Documents/GitHub/Beat_City/Beat_City/Content/Art_Imports/Models/Buildings/Building_Small_03.uexp" 1442
"C:/Users/Lukkake/Documents/GitHub/Beat_City/Beat_City/Content/Art_Imports/Decals/Textures/Decal_Skull_Opacity.ubulk" 1443
"C:/Users/Lukkake/Documents/GitHub/Beat_City/Beat_City/Content/Art_Imports/Decals/Textures/Decal_Skull_Opacity.uasset" 1444
"C:/Users/Lukkake/Documents/GitHub/Beat_City/Beat_City/Content/Art_Imports/Decals/Textures/Decal_Skull_Opacity.uexp" 1445
"C:/Users/Lukkake/Documents/GitHub/Beat_City/Beat_City/Content/Art_Imports/Decals/Textures/Decal_Skull.uasset" 1446
"C:/Users/Lukkake/Documents/GitHub/Beat_City/Beat_City/Content/Art_Imports/Decals/Textures/Decal_Skull.uexp" 1447
"C:/Users/Lukkake/Documents/GitHub/Beat_City/Beat_City/Content/Art_Imports/Decals/DecalM_Skull.uasset" 1448
"C:/Users/Lukkake/Documents/GitHub/Beat_City/Beat_City/Content/Art_Imports/Decals/DecalM_Skull.uexp" 1449
"C:/Users/Lukkake/Documents/GitHub/Beat_City/Beat_City/Content/Art_Imports/Models/Buildings/Windows/Window_Curved_01.ubulk" 1450
"C:/Users/Lukkake/Documents/GitHub/Beat_City/Beat_City/Content/Art_Imports/Models/Buildings/Windows/Window_Curved_01.uasset" 1451
"C:/Users/Lukkake/Documents/GitHub/Beat_City/Beat_City/Content/Art_Imports/Models/Buildings/Windows/Window_Curved_01.uexp" 1452
"C:/Users/Lukkake/Documents/GitHub/Beat_City/Beat_City/Content/ThirdPerson/Blueprints/Actors/Buildings/BP_Buildings_V3.uasset" 1453
"C:/Users/Lukkake/Documents/GitHub/Beat_City/Beat_City/Content/ThirdPerson/Blueprints/Actors/Buildings/BP_Buildings_V3.uexp" 1454
"C:/Users/Lukkake/Documents/GitHub/Beat_City/Beat_City/Content/Art_Imports/Decals/Textures/Decal_Cyberpunk_Opacity.ubulk" 1455
"C:/Users/Lukkake/Documents/GitHub/Beat_City/Beat_City/Content/Art_Imports/Decals/Textures/Decal_Cyberpunk_Opacity.uasset" 1456
"C:/Users/Lukkake/Documents/GitHub/Beat_City/Beat_City/Content/Art_Imports/Decals/Textures/Decal_Cyberpunk_Opacity.uexp" 1457
"C:/Users/Lukkake/Documents/GitHub/Beat_City/Beat_City/Content/Art_Imports/Decals/Textures/Decal_Cyberpunk.uasset" 1458
"C:/Users/Lukkake/Documents/GitHub/Beat_City/Beat_City/Content/Art_Imports/Decals/Textures/Decal_Cyberpunk.uexp" 1459
"C:/Users/Lukkake/Documents/GitHub/Beat_City/Beat_City/Content/Art_Imports/Decals/DecalM_Cyberpunk.uasset" 1460
"C:/Users/Lukkake/Documents/GitHub/Beat_City/Beat_City/Content/Art_Imports/Decals/DecalM_Cyberpunk.uexp" 1461
"C:/Users/Lukkake/Documents/GitHub/Beat_City/Beat_City/Content/ThirdPerson/Blueprints/Actors/Buildings/BP_Buildings_V2.uasset" 1462
"C:/Users/Lukkake/Documents/GitHub/Beat_City/Beat_City/Content/ThirdPerson/Blueprints/Actors/Buildings/BP_Buildings_V2.uexp" 1463
"C:/Users/Lukkake/Documents/GitHub/Beat_City/Beat_City/Content/ThirdPerson/Blueprints/Actors/Buildings/BuildingGenerator.uasset" 1464
"C:/Users/Lukkake/Documents/GitHub/Beat_City/Beat_City/Content/ThirdPerson/Blueprints/Actors/Buildings/BuildingGenerator.uexp" 1465
"../../../Engine/Content/EngineSky/C_Sky_Horizon_Color.uasset" 1466
"../../../Engine/Content/EngineSky/C_Sky_Horizon_Color.uexp" 1467
"../../../Engine/Content/EngineSky/C_Sky_Cloud_Color.uasset" 1468
"../../../Engine/Content/EngineSky/C_Sky_Cloud_Color.uexp" 1469
"../../../Engine/Content/EngineSky/C_Sky_Zenith_Color.uasset" 1470
"../../../Engine/Content/EngineSky/C_Sky_Zenith_Color.uexp" 1471
"../../../Engine/Content/EngineSky/BP_Sky_Sphere.uasset" 1472
"../../../Engine/Content/EngineSky/BP_Sky_Sphere.uexp" 1473
"C:/Users/Lukkake/Documents/GitHub/Beat_City/Beat_City/Content/Art_Imports/Materials/Rain/water_test.uasset" 1474
"C:/Users/Lukkake/Documents/GitHub/Beat_City/Beat_City/Content/Art_Imports/Materials/Rain/water_test.uexp" 1475
"C:/Users/Lukkake/Documents/GitHub/Beat_City/Beat_City/Content/Art_Imports/Materials/Rain/Splash.uasset" 1476
"C:/Users/Lukkake/Documents/GitHub/Beat_City/Beat_City/Content/Art_Imports/Materials/Rain/Splash.uexp" 1477
"../../../Engine/Plugins/FX/Niagara/Content/DefaultAssets/DefaultSpriteMaterial.uasset" 1478
"../../../Engine/Plugins/FX/Niagara/Content/DefaultAssets/DefaultSpriteMaterial.uexp" 1479
"C:/Users/Lukkake/Documents/GitHub/Beat_City/Beat_City/Content/ThirdPerson/Blueprints/Effects/NS_Rain.uasset" 1480
"C:/Users/Lukkake/Documents/GitHub/Beat_City/Beat_City/Content/ThirdPerson/Blueprints/Effects/NS_Rain.uexp" 1481
"../../../Engine/Content/EditorResources/BadBlueprintSprite.ubulk" 1482
"../../../Engine/Content/EditorResources/BadBlueprintSprite.uasset" 1483
"../../../Engine/Content/EditorResources/BadBlueprintSprite.uexp" 1484
"C:/Users/Lukkake/Documents/GitHub/Beat_City/Beat_City/Content/Audio/SFX/SunGod_SFX/CIty_Sound_Scape/Rainy_City_Sound_Scape_SFX__Beat_City____V2__20240623_.ubulk" 1485
"C:/Users/Lukkake/Documents/GitHub/Beat_City/Beat_City/Content/Audio/SFX/SunGod_SFX/CIty_Sound_Scape/Rainy_City_Sound_Scape_SFX__Beat_City____V2__20240623_.uasset" 1486
"C:/Users/Lukkake/Documents/GitHub/Beat_City/Beat_City/Content/Audio/SFX/SunGod_SFX/CIty_Sound_Scape/Rainy_City_Sound_Scape_SFX__Beat_City____V2__20240623_.uexp" 1487
"../../../Engine/Content/BasicShapes/Cube.ubulk" 1488
"../../../Engine/Content/BasicShapes/Cube.uasset" 1489
"../../../Engine/Content/BasicShapes/Cube.uexp" 1490
"C:/Users/Lukkake/Documents/GitHub/Beat_City/Beat_City/Content/Art_Imports/Materials/Prototype_mats/Node_Destruction_Zone.uasset" 1491
"C:/Users/Lukkake/Documents/GitHub/Beat_City/Beat_City/Content/Art_Imports/Materials/Prototype_mats/Node_Destruction_Zone.uexp" 1492
"C:/Users/Lukkake/Documents/GitHub/Beat_City/Beat_City/Content/ThirdPerson/Blueprints/Actors/Note_Destruction_Zone.uasset" 1493
"C:/Users/Lukkake/Documents/GitHub/Beat_City/Beat_City/Content/ThirdPerson/Blueprints/Actors/Note_Destruction_Zone.uexp" 1494
"C:/Users/Lukkake/Documents/GitHub/Beat_City/Beat_City/Content/Levels/Gameplay_Level.uexp" 1495
"C:/Users/Lukkake/Documents/GitHub/Beat_City/Beat_City/Content/Levels/Gameplay_Level.umap" 1496
"../../../Engine/Content/Maps/Entry_BuiltData.uasset" 1497
"../../../Engine/Content/Maps/Entry_BuiltData.uexp" 1498
"../../../Engine/Content/Maps/Entry.uexp" 1499
"../../../Engine/Content/Maps/Entry.umap" 1500
